Candidate_ID,Name,Target_Role,Years_Experience,Education,University,Skills,Resume_Text,Num_Skills
1001,Emily Smith,Data Scientist,11,PhD,University of Oxford,"nlp, git, graphql, statistics, deep learning, numpy, etl, python, pandas, feature engineering, model evaluation, tensorflow, mongodb, jupyter, machine learning","Name: Emily Smith
Experience: 11 years
Education: PhD in Computer Science from University of Oxford
Skills: nlp, git, graphql, statistics, deep learning, numpy, etl, python, pandas, feature engineering, model evaluation, tensorflow, mongodb, jupyter, machine learning

Professional Summary:
Experienced Data Scientist with 11 years of industry experience.
Proficient in nlp, git, graphql, statistics, deep learning.
Strong background in PhD level education from University of Oxford.

Work Experience:
11 years working with nlp, git, graphql, statistics, deep learning, numpy, etl, python.
Developed solutions using nlp, git, graphql, statistics.
Collaborated on projects involving graphql, statistics, deep learning, numpy.

Projects:
- Built pipeline using nlp, git, graphql
- Developed Data Scientist solution using git, graphql, statistics
- Implemented automation using nlp, git

Certifications:
- Certified in Nlp — 2022
- Git Professional Certificate — 2023",15
1002,Chen Thomas,Data Scientist,4,Bachelor,Georgia Tech,"git, matplotlib, statistics, deep learning, computer vision, helm, php, scikit-learn, seaborn, tensorflow, jupyter, nlp, data visualization, r programming, keras, python, sql, machine learning, bash, sass, numpy, pandas, feature engineering, model evaluation","Name: Chen Thomas
Experience: 4 years
Education: Bachelor in Computer Science from Georgia Tech
Skills: git, matplotlib, statistics, deep learning, computer vision, helm, php, scikit-learn, seaborn, tensorflow, jupyter, nlp, data visualization, r programming, keras, python, sql, machine learning, bash, sass, numpy, pandas, feature engineering, model evaluation

Professional Summary:
Experienced Data Scientist with 4 years of industry experience.
Proficient in git, matplotlib, statistics, deep learning, computer vision.
Strong background in Bachelor level education from Georgia Tech.

Work Experience:
4 years working with git, matplotlib, statistics, deep learning, computer vision, helm, php, scikit-learn.
Developed solutions using git, matplotlib, statistics, deep learning.
Collaborated on projects involving statistics, deep learning, computer vision, helm.

Projects:
- Built pipeline using git, matplotlib, statistics
- Developed Data Scientist solution using matplotlib, statistics, deep learning
- Implemented automation using git, matplotlib

Certifications:
- Certified in Git — 2022
- Matplotlib Professional Certificate — 2023",24
1003,Emma Miller,Data Scientist,11,Bachelor,MIT,"git, aws, statistics, deep learning, google analytics, computer vision, scikit-learn, seaborn, tensorflow, jupyter, nlp, data visualization, r programming, keras, python, sql, machine learning, business intelligence, pandas, numpy, feature engineering","Name: Emma Miller
Experience: 11 years
Education: Bachelor in Computer Science from MIT
Skills: git, aws, statistics, deep learning, google analytics, computer vision, scikit-learn, seaborn, tensorflow, jupyter, nlp, data visualization, r programming, keras, python, sql, machine learning, business intelligence, pandas, numpy, feature engineering

Professional Summary:
Experienced Data Scientist with 11 years of industry experience.
Proficient in git, aws, statistics, deep learning, google analytics.
Strong background in Bachelor level education from MIT.

Work Experience:
11 years working with git, aws, statistics, deep learning, google analytics, computer vision, scikit-learn, seaborn.
Developed solutions using git, aws, statistics, deep learning.
Collaborated on projects involving statistics, deep learning, google analytics, computer vision.

Projects:
- Built pipeline using git, aws, statistics
- Developed Data Scientist solution using aws, statistics, deep learning
- Implemented automation using git, aws

Certifications:
- Certified in Git — 2022
- Aws Professional Certificate — 2023",21
1004,Matthew Anderson,Data Scientist,3,PhD,UC Berkeley,"networking, git, matplotlib, statistics, deep learning, computer vision, security, power bi, scikit-learn, seaborn, tensorflow, jupyter, nlp, data visualization, r programming, keras, python, sql, machine learning, pandas, numpy, feature engineering, model evaluation","Name: Matthew Anderson
Experience: 3 years
Education: PhD in Computer Science from UC Berkeley
Skills: networking, git, matplotlib, statistics, deep learning, computer vision, security, power bi, scikit-learn, seaborn, tensorflow, jupyter, nlp, data visualization, r programming, keras, python, sql, machine learning, pandas, numpy, feature engineering, model evaluation

Professional Summary:
Experienced Data Scientist with 3 years of industry experience.
Proficient in networking, git, matplotlib, statistics, deep learning.
Strong background in PhD level education from UC Berkeley.

Work Experience:
3 years working with networking, git, matplotlib, statistics, deep learning, computer vision, security, power bi.
Developed solutions using networking, git, matplotlib, statistics.
Collaborated on projects involving matplotlib, statistics, deep learning, computer vision.

Projects:
- Built pipeline using networking, git, matplotlib
- Developed Data Scientist solution using git, matplotlib, statistics
- Implemented automation using networking, git

Certifications:
- Certified in Networking — 2022
- Git Professional Certificate — 2023",23
1005,Maria Rodriguez,Data Scientist,1,Bachelor,UC Berkeley,"helm, data visualization, git, tableau, keras, deep learning, pandas, scikit-learn, numpy, feature engineering, tensorflow, computer vision, sql","Name: Maria Rodriguez
Experience: 1 years
Education: Bachelor in Computer Science from UC Berkeley
Skills: helm, data visualization, git, tableau, keras, deep learning, pandas, scikit-learn, numpy, feature engineering, tensorflow, computer vision, sql

Professional Summary:
Experienced Data Scientist with 1 years of industry experience.
Proficient in helm, data visualization, git, tableau, keras.
Strong background in Bachelor level education from UC Berkeley.

Work Experience:
1 years working with helm, data visualization, git, tableau, keras, deep learning, pandas, scikit-learn.
Developed solutions using helm, data visualization, git, tableau.
Collaborated on projects involving git, tableau, keras, deep learning.

Projects:
- Built pipeline using helm, data visualization, git
- Developed Data Scientist solution using data visualization, git, tableau
- Implemented automation using helm, data visualization

Certifications:
- Certified in Helm — 2022
- Data Visualization Professional Certificate — 2023",13
1006,Rahul Brown,Data Scientist,4,Diploma,Harvard University,"data visualization, git, tableau, vue.js, matplotlib, keras, statistics, numpy, deep learning, python, pandas, seaborn, feature engineering, model evaluation, tensorflow, bootstrap, sql, machine learning","Name: Rahul Brown
Experience: 4 years
Education: Diploma in Computer Science from Harvard University
Skills: data visualization, git, tableau, vue.js, matplotlib, keras, statistics, numpy, deep learning, python, pandas, seaborn, feature engineering, model evaluation, tensorflow, bootstrap, sql, machine learning

Professional Summary:
Experienced Data Scientist with 4 years of industry experience.
Proficient in data visualization, git, tableau, vue.js, matplotlib.
Strong background in Diploma level education from Harvard University.

Work Experience:
4 years working with data visualization, git, tableau, vue.js, matplotlib, keras, statistics, numpy.
Developed solutions using data visualization, git, tableau, vue.js.
Collaborated on projects involving tableau, vue.js, matplotlib, keras.

Projects:
- Built pipeline using data visualization, git, tableau
- Developed Data Scientist solution using git, tableau, vue.js
- Implemented automation using data visualization, git

Certifications:
- Certified in Data Visualization — 2022
- Git Professional Certificate — 2023",18
1007,Priya Taylor,Data Scientist,3,Bachelor,University of Oxford,"networking, git, matplotlib, google analytics, deep learning, computer vision, scikit-learn, seaborn, gcp, tensorflow, jupyter, nlp, data visualization, r programming, sql, machine learning, pandas, numpy, feature engineering, model evaluation","Name: Priya Taylor
Experience: 3 years
Education: Bachelor in Computer Science from University of Oxford
Skills: networking, git, matplotlib, google analytics, deep learning, computer vision, scikit-learn, seaborn, gcp, tensorflow, jupyter, nlp, data visualization, r programming, sql, machine learning, pandas, numpy, feature engineering, model evaluation

Professional Summary:
Experienced Data Scientist with 3 years of industry experience.
Proficient in networking, git, matplotlib, google analytics, deep learning.
Strong background in Bachelor level education from University of Oxford.

Work Experience:
3 years working with networking, git, matplotlib, google analytics, deep learning, computer vision, scikit-learn, seaborn.
Developed solutions using networking, git, matplotlib, google analytics.
Collaborated on projects involving matplotlib, google analytics, deep learning, computer vision.

Projects:
- Built pipeline using networking, git, matplotlib
- Developed Data Scientist solution using git, matplotlib, google analytics
- Implemented automation using networking, git

Certifications:
- Certified in Networking — 2022
- Git Professional Certificate — 2023",20
1008,Emily Davis,Data Scientist,3,Bachelor,IIT Delhi,"nlp, git, css, r programming, aws, pandas, monitoring, python, jupyter, sql, javascript, machine learning","Name: Emily Davis
Experience: 3 years
Education: Bachelor in Computer Science from IIT Delhi
Skills: nlp, git, css, r programming, aws, pandas, monitoring, python, jupyter, sql, javascript, machine learning

Professional Summary:
Experienced Data Scientist with 3 years of industry experience.
Proficient in nlp, git, css, r programming, aws.
Strong background in Bachelor level education from IIT Delhi.

Work Experience:
3 years working with nlp, git, css, r programming, aws, pandas, monitoring, python.
Developed solutions using nlp, git, css, r programming.
Collaborated on projects involving css, r programming, aws, pandas.

Projects:
- Built pipeline using nlp, git, css
- Developed Data Scientist solution using git, css, r programming
- Implemented automation using nlp, git

Certifications:
- Certified in Nlp — 2022
- Git Professional Certificate — 2023",12
1009,Maria Davis,Data Scientist,4,Diploma,University of Oxford,"git, mysql, vue.js, matplotlib, statistics, linux, computer vision, scikit-learn, seaborn, tensorflow, jupyter, nlp, data visualization, keras, python, machine learning, ansible, pandas, feature engineering, model evaluation","Name: Maria Davis
Experience: 4 years
Education: Diploma in Computer Science from University of Oxford
Skills: git, mysql, vue.js, matplotlib, statistics, linux, computer vision, scikit-learn, seaborn, tensorflow, jupyter, nlp, data visualization, keras, python, machine learning, ansible, pandas, feature engineering, model evaluation

Professional Summary:
Experienced Data Scientist with 4 years of industry experience.
Proficient in git, mysql, vue.js, matplotlib, statistics.
Strong background in Diploma level education from University of Oxford.

Work Experience:
4 years working with git, mysql, vue.js, matplotlib, statistics, linux, computer vision, scikit-learn.
Developed solutions using git, mysql, vue.js, matplotlib.
Collaborated on projects involving vue.js, matplotlib, statistics, linux.

Projects:
- Built pipeline using git, mysql, vue.js
- Developed Data Scientist solution using mysql, vue.js, matplotlib
- Implemented automation using git, mysql

Certifications:
- Certified in Git — 2022
- Mysql Professional Certificate — 2023",20
1010,Daniel Miller,Data Scientist,8,Diploma,Harvard University,"flask, nlp, git, keras, deep learning, pandas, numpy, python, scikit-learn, seaborn, feature engineering, model evaluation, model monitoring, bootstrap, mongodb, computer vision, sql, machine learning","Name: Daniel Miller
Experience: 8 years
Education: Diploma in Computer Science from Harvard University
Skills: flask, nlp, git, keras, deep learning, pandas, numpy, python, scikit-learn, seaborn, feature engineering, model evaluation, model monitoring, bootstrap, mongodb, computer vision, sql, machine learning

Professional Summary:
Experienced Data Scientist with 8 years of industry experience.
Proficient in flask, nlp, git, keras, deep learning.
Strong background in Diploma level education from Harvard University.

Work Experience:
8 years working with flask, nlp, git, keras, deep learning, pandas, numpy, python.
Developed solutions using flask, nlp, git, keras.
Collaborated on projects involving git, keras, deep learning, pandas.

Projects:
- Built pipeline using flask, nlp, git
- Developed Data Scientist solution using nlp, git, keras
- Implemented automation using flask, nlp

Certifications:
- Certified in Flask — 2022
- Nlp Professional Certificate — 2023",18
1011,Ahmed Johnson,Data Scientist,2,Diploma,MIT,"data visualization, r programming, matplotlib, excel, statistics, deep learning, numpy, keras, python, bootstrap, feature engineering, seaborn, model evaluation, tensorflow, jquery, jupyter, sql, vlookup","Name: Ahmed Johnson
Experience: 2 years
Education: Diploma in Computer Science from MIT
Skills: data visualization, r programming, matplotlib, excel, statistics, deep learning, numpy, keras, python, bootstrap, feature engineering, seaborn, model evaluation, tensorflow, jquery, jupyter, sql, vlookup

Professional Summary:
Experienced Data Scientist with 2 years of industry experience.
Proficient in data visualization, r programming, matplotlib, excel, statistics.
Strong background in Diploma level education from MIT.

Work Experience:
2 years working with data visualization, r programming, matplotlib, excel, statistics, deep learning, numpy, keras.
Developed solutions using data visualization, r programming, matplotlib, excel.
Collaborated on projects involving matplotlib, excel, statistics, deep learning.

Projects:
- Built pipeline using data visualization, r programming, matplotlib
- Developed Data Scientist solution using r programming, matplotlib, excel
- Implemented automation using data visualization, r programming

Certifications:
- Certified in Data Visualization — 2022
- R Programming Professional Certificate — 2023",18
1012,Maria Garcia,Data Scientist,0,Bachelor,UC Berkeley,"nlp, data visualization, git, r programming, matplotlib, statistics, deep learning, pandas, docker, feature engineering, model evaluation, computer vision, javascript, vlookup","Name: Maria Garcia
Experience: 0 years
Education: Bachelor in Computer Science from UC Berkeley
Skills: nlp, data visualization, git, r programming, matplotlib, statistics, deep learning, pandas, docker, feature engineering, model evaluation, computer vision, javascript, vlookup

Professional Summary:
Experienced Data Scientist with 0 years of industry experience.
Proficient in nlp, data visualization, git, r programming, matplotlib.
Strong background in Bachelor level education from UC Berkeley.

Work Experience:
0 years working with nlp, data visualization, git, r programming, matplotlib, statistics, deep learning, pandas.
Developed solutions using nlp, data visualization, git, r programming.
Collaborated on projects involving git, r programming, matplotlib, statistics.

Projects:
- Built pipeline using nlp, data visualization, git
- Developed Data Scientist solution using data visualization, git, r programming
- Implemented automation using nlp, data visualization

Certifications:
- Certified in Nlp — 2022
- Data Visualization Professional Certificate — 2023",14
1013,Maria Kumar,Data Scientist,4,Master,University of Manchester,"git, matplotlib, statistics, deep learning, computer vision, dashboard, php, scikit-learn, seaborn, tensorflow, jupyter, nlp, r programming, keras, python, sql, machine learning, numpy, pandas, feature engineering, model evaluation","Name: Maria Kumar
Experience: 4 years
Education: Master in Computer Science from University of Manchester
Skills: git, matplotlib, statistics, deep learning, computer vision, dashboard, php, scikit-learn, seaborn, tensorflow, jupyter, nlp, r programming, keras, python, sql, machine learning, numpy, pandas, feature engineering, model evaluation

Professional Summary:
Experienced Data Scientist with 4 years of industry experience.
Proficient in git, matplotlib, statistics, deep learning, computer vision.
Strong background in Master level education from University of Manchester.

Work Experience:
4 years working with git, matplotlib, statistics, deep learning, computer vision, dashboard, php, scikit-learn.
Developed solutions using git, matplotlib, statistics, deep learning.
Collaborated on projects involving statistics, deep learning, computer vision, dashboard.

Projects:
- Built pipeline using git, matplotlib, statistics
- Developed Data Scientist solution using matplotlib, statistics, deep learning
- Implemented automation using git, matplotlib

Certifications:
- Certified in Git — 2022
- Matplotlib Professional Certificate — 2023",21
1014,Amanda Garcia,Data Scientist,7,PhD,Carnegie Mellon University,"git, matplotlib, statistics, deep learning, computer vision, etl, scikit-learn, seaborn, typescript, tensorflow, jupyter, nlp, data visualization, css, r programming, keras, python, sql, machine learning, numpy, pandas, feature engineering, model evaluation","Name: Amanda Garcia
Experience: 7 years
Education: PhD in Computer Science from Carnegie Mellon University
Skills: git, matplotlib, statistics, deep learning, computer vision, etl, scikit-learn, seaborn, typescript, tensorflow, jupyter, nlp, data visualization, css, r programming, keras, python, sql, machine learning, numpy, pandas, feature engineering, model evaluation

Professional Summary:
Experienced Data Scientist with 7 years of industry experience.
Proficient in git, matplotlib, statistics, deep learning, computer vision.
Strong background in PhD level education from Carnegie Mellon University.

Work Experience:
7 years working with git, matplotlib, statistics, deep learning, computer vision, etl, scikit-learn, seaborn.
Developed solutions using git, matplotlib, statistics, deep learning.
Collaborated on projects involving statistics, deep learning, computer vision, etl.

Projects:
- Built pipeline using git, matplotlib, statistics
- Developed Data Scientist solution using matplotlib, statistics, deep learning
- Implemented automation using git, matplotlib

Certifications:
- Certified in Git — 2022
- Matplotlib Professional Certificate — 2023",23
1015,James Kumar,Data Scientist,12,Master,University of Manchester,"nlp, networking, git, kubernetes, r programming, matplotlib, bash, keras, deep learning, numpy, python, feature engineering, model evaluation, jupyter, machine learning","Name: James Kumar
Experience: 12 years
Education: Master in Computer Science from University of Manchester
Skills: nlp, networking, git, kubernetes, r programming, matplotlib, bash, keras, deep learning, numpy, python, feature engineering, model evaluation, jupyter, machine learning

Professional Summary:
Experienced Data Scientist with 12 years of industry experience.
Proficient in nlp, networking, git, kubernetes, r programming.
Strong background in Master level education from University of Manchester.

Work Experience:
12 years working with nlp, networking, git, kubernetes, r programming, matplotlib, bash, keras.
Developed solutions using nlp, networking, git, kubernetes.
Collaborated on projects involving git, kubernetes, r programming, matplotlib.

Projects:
- Built pipeline using nlp, networking, git
- Developed Data Scientist solution using networking, git, kubernetes
- Implemented automation using nlp, networking

Certifications:
- Certified in Nlp — 2022
- Networking Professional Certificate — 2023",15
1016,Sarah Patel,Data Scientist,3,Master,University of Manchester,"nlp, git, jenkins, docker, deep learning, pandas, monitoring, feature engineering, model evaluation, tensorflow, computer vision, jupyter","Name: Sarah Patel
Experience: 3 years
Education: Master in Computer Science from University of Manchester
Skills: nlp, git, jenkins, docker, deep learning, pandas, monitoring, feature engineering, model evaluation, tensorflow, computer vision, jupyter

Professional Summary:
Experienced Data Scientist with 3 years of industry experience.
Proficient in nlp, git, jenkins, docker, deep learning.
Strong background in Master level education from University of Manchester.

Work Experience:
3 years working with nlp, git, jenkins, docker, deep learning, pandas, monitoring, feature engineering.
Developed solutions using nlp, git, jenkins, docker.
Collaborated on projects involving jenkins, docker, deep learning, pandas.

Projects:
- Built pipeline using nlp, git, jenkins
- Developed Data Scientist solution using git, jenkins, docker
- Implemented automation using nlp, git

Certifications:
- Certified in Nlp — 2022
- Git Professional Certificate — 2023",12
1017,Matthew Garcia,Data Scientist,12,Bachelor,NUS Singapore,"nlp, pytorch, mysql, vue.js, matplotlib, pandas, scikit-learn, python, feature engineering, model evaluation, tensorflow, computer vision","Name: Matthew Garcia
Experience: 12 years
Education: Bachelor in Computer Science from NUS Singapore
Skills: nlp, pytorch, mysql, vue.js, matplotlib, pandas, scikit-learn, python, feature engineering, model evaluation, tensorflow, computer vision

Professional Summary:
Experienced Data Scientist with 12 years of industry experience.
Proficient in nlp, pytorch, mysql, vue.js, matplotlib.
Strong background in Bachelor level education from NUS Singapore.

Work Experience:
12 years working with nlp, pytorch, mysql, vue.js, matplotlib, pandas, scikit-learn, python.
Developed solutions using nlp, pytorch, mysql, vue.js.
Collaborated on projects involving mysql, vue.js, matplotlib, pandas.

Projects:
- Built pipeline using nlp, pytorch, mysql
- Developed Data Scientist solution using pytorch, mysql, vue.js
- Implemented automation using nlp, pytorch

Certifications:
- Certified in Nlp — 2022
- Pytorch Professional Certificate — 2023",12
1018,Matthew Williams,Data Scientist,12,PhD,IIT Delhi,"git, matplotlib, statistics, deep learning, computer vision, scikit-learn, seaborn, webpack, model deployment, tensorflow, mongodb, jupyter, data visualization, r programming, keras, python, sql, machine learning, pandas, feature engineering, model evaluation","Name: Matthew Williams
Experience: 12 years
Education: PhD in Computer Science from IIT Delhi
Skills: git, matplotlib, statistics, deep learning, computer vision, scikit-learn, seaborn, webpack, model deployment, tensorflow, mongodb, jupyter, data visualization, r programming, keras, python, sql, machine learning, pandas, feature engineering, model evaluation

Professional Summary:
Experienced Data Scientist with 12 years of industry experience.
Proficient in git, matplotlib, statistics, deep learning, computer vision.
Strong background in PhD level education from IIT Delhi.

Work Experience:
12 years working with git, matplotlib, statistics, deep learning, computer vision, scikit-learn, seaborn, webpack.
Developed solutions using git, matplotlib, statistics, deep learning.
Collaborated on projects involving statistics, deep learning, computer vision, scikit-learn.

Projects:
- Built pipeline using git, matplotlib, statistics
- Developed Data Scientist solution using matplotlib, statistics, deep learning
- Implemented automation using git, matplotlib

Certifications:
- Certified in Git — 2022
- Matplotlib Professional Certificate — 2023",21
1019,Fatima Smith,Data Scientist,8,Master,IIT Delhi,"security, nlp, data visualization, git, jenkins, r programming, statistics, deep learning, numpy, scikit-learn, keras, feature engineering, vlookup, tensorflow, jupyter, sql, machine learning","Name: Fatima Smith
Experience: 8 years
Education: Master in Computer Science from IIT Delhi
Skills: security, nlp, data visualization, git, jenkins, r programming, statistics, deep learning, numpy, scikit-learn, keras, feature engineering, vlookup, tensorflow, jupyter, sql, machine learning

Professional Summary:
Experienced Data Scientist with 8 years of industry experience.
Proficient in security, nlp, data visualization, git, jenkins.
Strong background in Master level education from IIT Delhi.

Work Experience:
8 years working with security, nlp, data visualization, git, jenkins, r programming, statistics, deep learning.
Developed solutions using security, nlp, data visualization, git.
Collaborated on projects involving data visualization, git, jenkins, r programming.

Projects:
- Built pipeline using security, nlp, data visualization
- Developed Data Scientist solution using nlp, data visualization, git
- Implemented automation using security, nlp

Certifications:
- Certified in Security — 2022
- Nlp Professional Certificate — 2023",17
1020,Amanda Hassan,Data Scientist,8,Bachelor,University of Cambridge,"git, reporting, matplotlib, ansible, statistics, deep learning, pandas, scikit-learn, numpy, aws, feature engineering, seaborn, model evaluation, jupyter, sql, machine learning","Name: Amanda Hassan
Experience: 8 years
Education: Bachelor in Computer Science from University of Cambridge
Skills: git, reporting, matplotlib, ansible, statistics, deep learning, pandas, scikit-learn, numpy, aws, feature engineering, seaborn, model evaluation, jupyter, sql, machine learning

Professional Summary:
Experienced Data Scientist with 8 years of industry experience.
Proficient in git, reporting, matplotlib, ansible, statistics.
Strong background in Bachelor level education from University of Cambridge.

Work Experience:
8 years working with git, reporting, matplotlib, ansible, statistics, deep learning, pandas, scikit-learn.
Developed solutions using git, reporting, matplotlib, ansible.
Collaborated on projects involving matplotlib, ansible, statistics, deep learning.

Projects:
- Built pipeline using git, reporting, matplotlib
- Developed Data Scientist solution using reporting, matplotlib, ansible
- Implemented automation using git, reporting

Certifications:
- Certified in Git — 2022
- Reporting Professional Certificate — 2023",16
1021,Amanda Davis,Data Scientist,12,Master,Harvard University,"flask, data visualization, business intelligence, matplotlib, deep learning, pandas, scikit-learn, feature store, model evaluation, sql, machine learning","Name: Amanda Davis
Experience: 12 years
Education: Master in Computer Science from Harvard University
Skills: flask, data visualization, business intelligence, matplotlib, deep learning, pandas, scikit-learn, feature store, model evaluation, sql, machine learning

Professional Summary:
Experienced Data Scientist with 12 years of industry experience.
Proficient in flask, data visualization, business intelligence, matplotlib, deep learning.
Strong background in Master level education from Harvard University.

Work Experience:
12 years working with flask, data visualization, business intelligence, matplotlib, deep learning, pandas, scikit-learn, feature store.
Developed solutions using flask, data visualization, business intelligence, matplotlib.
Collaborated on projects involving business intelligence, matplotlib, deep learning, pandas.

Projects:
- Built pipeline using flask, data visualization, business intelligence
- Developed Data Scientist solution using data visualization, business intelligence, matplotlib
- Implemented automation using flask, data visualization

Certifications:
- Certified in Flask — 2022
- Data Visualization Professional Certificate — 2023",11
1022,David Smith,Data Scientist,12,Bachelor,Georgia Tech,"nlp, pivot tables, git, r programming, matplotlib, keras, statistics, pandas, numpy, deep learning, scikit-learn, seaborn, grafana, model evaluation, azure, google analytics, jupyter, machine learning","Name: David Smith
Experience: 12 years
Education: Bachelor in Computer Science from Georgia Tech
Skills: nlp, pivot tables, git, r programming, matplotlib, keras, statistics, pandas, numpy, deep learning, scikit-learn, seaborn, grafana, model evaluation, azure, google analytics, jupyter, machine learning

Professional Summary:
Experienced Data Scientist with 12 years of industry experience.
Proficient in nlp, pivot tables, git, r programming, matplotlib.
Strong background in Bachelor level education from Georgia Tech.

Work Experience:
12 years working with nlp, pivot tables, git, r programming, matplotlib, keras, statistics, pandas.
Developed solutions using nlp, pivot tables, git, r programming.
Collaborated on projects involving git, r programming, matplotlib, keras.

Projects:
- Built pipeline using nlp, pivot tables, git
- Developed Data Scientist solution using pivot tables, git, r programming
- Implemented automation using nlp, pivot tables

Certifications:
- Certified in Nlp — 2022
- Pivot Tables Professional Certificate — 2023",18
1023,Jessica Rodriguez,Data Scientist,7,PhD,Georgia Tech,"nlp, pivot tables, git, kubernetes, r programming, matplotlib, statistics, pandas, numpy, python, seaborn, tensorflow, computer vision, machine learning","Name: Jessica Rodriguez
Experience: 7 years
Education: PhD in Computer Science from Georgia Tech
Skills: nlp, pivot tables, git, kubernetes, r programming, matplotlib, statistics, pandas, numpy, python, seaborn, tensorflow, computer vision, machine learning

Professional Summary:
Experienced Data Scientist with 7 years of industry experience.
Proficient in nlp, pivot tables, git, kubernetes, r programming.
Strong background in PhD level education from Georgia Tech.

Work Experience:
7 years working with nlp, pivot tables, git, kubernetes, r programming, matplotlib, statistics, pandas.
Developed solutions using nlp, pivot tables, git, kubernetes.
Collaborated on projects involving git, kubernetes, r programming, matplotlib.

Projects:
- Built pipeline using nlp, pivot tables, git
- Developed Data Scientist solution using pivot tables, git, kubernetes
- Implemented automation using nlp, pivot tables

Certifications:
- Certified in Nlp — 2022
- Pivot Tables Professional Certificate — 2023",14
1024,Ashley Hassan,Data Scientist,11,Master,University of Sussex,"nlp, data visualization, git, dashboard, mysql, matplotlib, statistics, deep learning, scikit-learn, python, bootstrap, feature engineering, model evaluation, sql","Name: Ashley Hassan
Experience: 11 years
Education: Master in Computer Science from University of Sussex
Skills: nlp, data visualization, git, dashboard, mysql, matplotlib, statistics, deep learning, scikit-learn, python, bootstrap, feature engineering, model evaluation, sql

Professional Summary:
Experienced Data Scientist with 11 years of industry experience.
Proficient in nlp, data visualization, git, dashboard, mysql.
Strong background in Master level education from University of Sussex.

Work Experience:
11 years working with nlp, data visualization, git, dashboard, mysql, matplotlib, statistics, deep learning.
Developed solutions using nlp, data visualization, git, dashboard.
Collaborated on projects involving git, dashboard, mysql, matplotlib.

Projects:
- Built pipeline using nlp, data visualization, git
- Developed Data Scientist solution using data visualization, git, dashboard
- Implemented automation using nlp, data visualization

Certifications:
- Certified in Nlp — 2022
- Data Visualization Professional Certificate — 2023",14
1025,Amanda Hassan,Data Scientist,6,Master,University of Toronto,"git, business intelligence, redis, matplotlib, keras, deep learning, numpy, scikit-learn, python, pandas, feature engineering, computer vision, sql, vlookup","Name: Amanda Hassan
Experience: 6 years
Education: Master in Computer Science from University of Toronto
Skills: git, business intelligence, redis, matplotlib, keras, deep learning, numpy, scikit-learn, python, pandas, feature engineering, computer vision, sql, vlookup

Professional Summary:
Experienced Data Scientist with 6 years of industry experience.
Proficient in git, business intelligence, redis, matplotlib, keras.
Strong background in Master level education from University of Toronto.

Work Experience:
6 years working with git, business intelligence, redis, matplotlib, keras, deep learning, numpy, scikit-learn.
Developed solutions using git, business intelligence, redis, matplotlib.
Collaborated on projects involving redis, matplotlib, keras, deep learning.

Projects:
- Built pipeline using git, business intelligence, redis
- Developed Data Scientist solution using business intelligence, redis, matplotlib
- Implemented automation using git, business intelligence

Certifications:
- Certified in Git — 2022
- Business Intelligence Professional Certificate — 2023",14
1026,Emma Smith,Data Scientist,1,Diploma,Harvard University,"git, matplotlib, statistics, computer vision, helm, php, scikit-learn, seaborn, tensorflow, jupyter, data visualization, r programming, keras, python, sql, machine learning, kubernetes, numpy, pandas","Name: Emma Smith
Experience: 1 years
Education: Diploma in Computer Science from Harvard University
Skills: git, matplotlib, statistics, computer vision, helm, php, scikit-learn, seaborn, tensorflow, jupyter, data visualization, r programming, keras, python, sql, machine learning, kubernetes, numpy, pandas

Professional Summary:
Experienced Data Scientist with 1 years of industry experience.
Proficient in git, matplotlib, statistics, computer vision, helm.
Strong background in Diploma level education from Harvard University.

Work Experience:
1 years working with git, matplotlib, statistics, computer vision, helm, php, scikit-learn, seaborn.
Developed solutions using git, matplotlib, statistics, computer vision.
Collaborated on projects involving statistics, computer vision, helm, php.

Projects:
- Built pipeline using git, matplotlib, statistics
- Developed Data Scientist solution using matplotlib, statistics, computer vision
- Implemented automation using git, matplotlib

Certifications:
- Certified in Git — 2022
- Matplotlib Professional Certificate — 2023",19
1027,Michael Johnson,Data Scientist,12,Bachelor,University of Oxford,"data visualization, git, tableau, matplotlib, statistics, pandas, python, seaborn, tensorflow, responsive design, restful api, jupyter, sql, machine learning","Name: Michael Johnson
Experience: 12 years
Education: Bachelor in Computer Science from University of Oxford
Skills: data visualization, git, tableau, matplotlib, statistics, pandas, python, seaborn, tensorflow, responsive design, restful api, jupyter, sql, machine learning

Professional Summary:
Experienced Data Scientist with 12 years of industry experience.
Proficient in data visualization, git, tableau, matplotlib, statistics.
Strong background in Bachelor level education from University of Oxford.

Work Experience:
12 years working with data visualization, git, tableau, matplotlib, statistics, pandas, python, seaborn.
Developed solutions using data visualization, git, tableau, matplotlib.
Collaborated on projects involving tableau, matplotlib, statistics, pandas.

Projects:
- Built pipeline using data visualization, git, tableau
- Developed Data Scientist solution using git, tableau, matplotlib
- Implemented automation using data visualization, git

Certifications:
- Certified in Data Visualization — 2022
- Git Professional Certificate — 2023",14
1028,Emily Thomas,Data Scientist,0,PhD,Carnegie Mellon University,"git, matplotlib, statistics, deep learning, computer vision, etl, scikit-learn, seaborn, tensorflow, jupyter, nlp, data visualization, r programming, python, sql, machine learning, looker, docker, pandas, feature engineering, model evaluation, react","Name: Emily Thomas
Experience: 0 years
Education: PhD in Computer Science from Carnegie Mellon University
Skills: git, matplotlib, statistics, deep learning, computer vision, etl, scikit-learn, seaborn, tensorflow, jupyter, nlp, data visualization, r programming, python, sql, machine learning, looker, docker, pandas, feature engineering, model evaluation, react

Professional Summary:
Experienced Data Scientist with 0 years of industry experience.
Proficient in git, matplotlib, statistics, deep learning, computer vision.
Strong background in PhD level education from Carnegie Mellon University.

Work Experience:
0 years working with git, matplotlib, statistics, deep learning, computer vision, etl, scikit-learn, seaborn.
Developed solutions using git, matplotlib, statistics, deep learning.
Collaborated on projects involving statistics, deep learning, computer vision, etl.

Projects:
- Built pipeline using git, matplotlib, statistics
- Developed Data Scientist solution using matplotlib, statistics, deep learning
- Implemented automation using git, matplotlib

Certifications:
- Certified in Git — 2022
- Matplotlib Professional Certificate — 2023",22
1029,Priya Zhang,Data Scientist,11,Master,NUS Singapore,"nlp, data visualization, agile, git, matplotlib, numpy, scikit-learn, python, seaborn, feature engineering, model evaluation, tensorflow, jupyter","Name: Priya Zhang
Experience: 11 years
Education: Master in Computer Science from NUS Singapore
Skills: nlp, data visualization, agile, git, matplotlib, numpy, scikit-learn, python, seaborn, feature engineering, model evaluation, tensorflow, jupyter

Professional Summary:
Experienced Data Scientist with 11 years of industry experience.
Proficient in nlp, data visualization, agile, git, matplotlib.
Strong background in Master level education from NUS Singapore.

Work Experience:
11 years working with nlp, data visualization, agile, git, matplotlib, numpy, scikit-learn, python.
Developed solutions using nlp, data visualization, agile, git.
Collaborated on projects involving agile, git, matplotlib, numpy.

Projects:
- Built pipeline using nlp, data visualization, agile
- Developed Data Scientist solution using data visualization, agile, git
- Implemented automation using nlp, data visualization

Certifications:
- Certified in Nlp — 2022
- Data Visualization Professional Certificate — 2023",13
1030,Chen Thomas,Data Scientist,9,Diploma,IIT Delhi,"git, redis, r programming, matplotlib, keras, numpy, scikit-learn, python, tensorflow, computer vision, jupyter, sql","Name: Chen Thomas
Experience: 9 years
Education: Diploma in Computer Science from IIT Delhi
Skills: git, redis, r programming, matplotlib, keras, numpy, scikit-learn, python, tensorflow, computer vision, jupyter, sql

Professional Summary:
Experienced Data Scientist with 9 years of industry experience.
Proficient in git, redis, r programming, matplotlib, keras.
Strong background in Diploma level education from IIT Delhi.

Work Experience:
9 years working with git, redis, r programming, matplotlib, keras, numpy, scikit-learn, python.
Developed solutions using git, redis, r programming, matplotlib.
Collaborated on projects involving r programming, matplotlib, keras, numpy.

Projects:
- Built pipeline using git, redis, r programming
- Developed Data Scientist solution using redis, r programming, matplotlib
- Implemented automation using git, redis

Certifications:
- Certified in Git — 2022
- Redis Professional Certificate — 2023",12
1031,Maria Miller,Data Scientist,1,Master,University of Sussex,"data visualization, git, pivot tables, r programming, matplotlib, statistics, deep learning, pandas, scikit-learn, python, airflow, seaborn, model monitoring, tensorflow, computer vision, jupyter, machine learning","Name: Maria Miller
Experience: 1 years
Education: Master in Computer Science from University of Sussex
Skills: data visualization, git, pivot tables, r programming, matplotlib, statistics, deep learning, pandas, scikit-learn, python, airflow, seaborn, model monitoring, tensorflow, computer vision, jupyter, machine learning

Professional Summary:
Experienced Data Scientist with 1 years of industry experience.
Proficient in data visualization, git, pivot tables, r programming, matplotlib.
Strong background in Master level education from University of Sussex.

Work Experience:
1 years working with data visualization, git, pivot tables, r programming, matplotlib, statistics, deep learning, pandas.
Developed solutions using data visualization, git, pivot tables, r programming.
Collaborated on projects involving pivot tables, r programming, matplotlib, statistics.

Projects:
- Built pipeline using data visualization, git, pivot tables
- Developed Data Scientist solution using git, pivot tables, r programming
- Implemented automation using data visualization, git

Certifications:
- Certified in Data Visualization — 2022
- Git Professional Certificate — 2023",17
1032,John Kumar,Data Scientist,5,Diploma,University of Cambridge,"nlp, data visualization, git, r programming, statistics, deep learning, pandas, scikit-learn, numpy, grafana, feature engineering, nginx, ci/cd, jupyter, sql, machine learning","Name: John Kumar
Experience: 5 years
Education: Diploma in Computer Science from University of Cambridge
Skills: nlp, data visualization, git, r programming, statistics, deep learning, pandas, scikit-learn, numpy, grafana, feature engineering, nginx, ci/cd, jupyter, sql, machine learning

Professional Summary:
Experienced Data Scientist with 5 years of industry experience.
Proficient in nlp, data visualization, git, r programming, statistics.
Strong background in Diploma level education from University of Cambridge.

Work Experience:
5 years working with nlp, data visualization, git, r programming, statistics, deep learning, pandas, scikit-learn.
Developed solutions using nlp, data visualization, git, r programming.
Collaborated on projects involving git, r programming, statistics, deep learning.

Projects:
- Built pipeline using nlp, data visualization, git
- Developed Data Scientist solution using data visualization, git, r programming
- Implemented automation using nlp, data visualization

Certifications:
- Certified in Nlp — 2022
- Data Visualization Professional Certificate — 2023",16
1033,Emily Miller,Data Scientist,4,Master,IIT Delhi,"data visualization, git, matplotlib, docker, deep learning, numpy, python, bootstrap, seaborn, model evaluation, tensorflow, nginx, responsive design, jupyter","Name: Emily Miller
Experience: 4 years
Education: Master in Computer Science from IIT Delhi
Skills: data visualization, git, matplotlib, docker, deep learning, numpy, python, bootstrap, seaborn, model evaluation, tensorflow, nginx, responsive design, jupyter

Professional Summary:
Experienced Data Scientist with 4 years of industry experience.
Proficient in data visualization, git, matplotlib, docker, deep learning.
Strong background in Master level education from IIT Delhi.

Work Experience:
4 years working with data visualization, git, matplotlib, docker, deep learning, numpy, python, bootstrap.
Developed solutions using data visualization, git, matplotlib, docker.
Collaborated on projects involving matplotlib, docker, deep learning, numpy.

Projects:
- Built pipeline using data visualization, git, matplotlib
- Developed Data Scientist solution using git, matplotlib, docker
- Implemented automation using data visualization, git

Certifications:
- Certified in Data Visualization — 2022
- Git Professional Certificate — 2023",14
1034,Carlos Zhang,Data Scientist,5,Master,MIT,"data visualization, graphql, tableau, r programming, matplotlib, statistics, deep learning, pandas, docker, python, seaborn, feature engineering, computer vision, jupyter, sql, machine learning","Name: Carlos Zhang
Experience: 5 years
Education: Master in Computer Science from MIT
Skills: data visualization, graphql, tableau, r programming, matplotlib, statistics, deep learning, pandas, docker, python, seaborn, feature engineering, computer vision, jupyter, sql, machine learning

Professional Summary:
Experienced Data Scientist with 5 years of industry experience.
Proficient in data visualization, graphql, tableau, r programming, matplotlib.
Strong background in Master level education from MIT.

Work Experience:
5 years working with data visualization, graphql, tableau, r programming, matplotlib, statistics, deep learning, pandas.
Developed solutions using data visualization, graphql, tableau, r programming.
Collaborated on projects involving tableau, r programming, matplotlib, statistics.

Projects:
- Built pipeline using data visualization, graphql, tableau
- Developed Data Scientist solution using graphql, tableau, r programming
- Implemented automation using data visualization, graphql

Certifications:
- Certified in Data Visualization — 2022
- Graphql Professional Certificate — 2023",16
1035,Syed Haque,Data Scientist,12,Master,Georgia Tech,"git, redis, matplotlib, statistics, deep learning, restful api, computer vision, seaborn, tensorflow, nlp, data visualization, r programming, keras, python, javascript, machine learning, numpy, feature engineering, model evaluation","Name: Syed Haque
Experience: 12 years
Education: Master in Computer Science from Georgia Tech
Skills: git, redis, matplotlib, statistics, deep learning, restful api, computer vision, seaborn, tensorflow, nlp, data visualization, r programming, keras, python, javascript, machine learning, numpy, feature engineering, model evaluation

Professional Summary:
Experienced Data Scientist with 12 years of industry experience.
Proficient in git, redis, matplotlib, statistics, deep learning.
Strong background in Master level education from Georgia Tech.

Work Experience:
12 years working with git, redis, matplotlib, statistics, deep learning, restful api, computer vision, seaborn.
Developed solutions using git, redis, matplotlib, statistics.
Collaborated on projects involving matplotlib, statistics, deep learning, restful api.

Projects:
- Built pipeline using git, redis, matplotlib
- Developed Data Scientist solution using redis, matplotlib, statistics
- Implemented automation using git, redis

Certifications:
- Certified in Git — 2022
- Redis Professional Certificate — 2023",19
1036,James Ali,Data Scientist,7,Diploma,University of Cambridge,"data visualization, git, redis, ansible, statistics, deep learning, pandas, docker, model evaluation, tensorflow, ci/cd, sql","Name: James Ali
Experience: 7 years
Education: Diploma in Computer Science from University of Cambridge
Skills: data visualization, git, redis, ansible, statistics, deep learning, pandas, docker, model evaluation, tensorflow, ci/cd, sql

Professional Summary:
Experienced Data Scientist with 7 years of industry experience.
Proficient in data visualization, git, redis, ansible, statistics.
Strong background in Diploma level education from University of Cambridge.

Work Experience:
7 years working with data visualization, git, redis, ansible, statistics, deep learning, pandas, docker.
Developed solutions using data visualization, git, redis, ansible.
Collaborated on projects involving redis, ansible, statistics, deep learning.

Projects:
- Built pipeline using data visualization, git, redis
- Developed Data Scientist solution using git, redis, ansible
- Implemented automation using data visualization, git

Certifications:
- Certified in Data Visualization — 2022
- Git Professional Certificate — 2023",12
1037,Matthew Jones,Data Scientist,1,Bachelor,Harvard University,"git, matplotlib, statistics, deep learning, nginx, computer vision, scikit-learn, seaborn, webpack, tensorflow, jupyter, nlp, data visualization, r programming, keras, python, sql, machine learning, docker, pandas, numpy, feature engineering, model evaluation","Name: Matthew Jones
Experience: 1 years
Education: Bachelor in Computer Science from Harvard University
Skills: git, matplotlib, statistics, deep learning, nginx, computer vision, scikit-learn, seaborn, webpack, tensorflow, jupyter, nlp, data visualization, r programming, keras, python, sql, machine learning, docker, pandas, numpy, feature engineering, model evaluation

Professional Summary:
Experienced Data Scientist with 1 years of industry experience.
Proficient in git, matplotlib, statistics, deep learning, nginx.
Strong background in Bachelor level education from Harvard University.

Work Experience:
1 years working with git, matplotlib, statistics, deep learning, nginx, computer vision, scikit-learn, seaborn.
Developed solutions using git, matplotlib, statistics, deep learning.
Collaborated on projects involving statistics, deep learning, nginx, computer vision.

Projects:
- Built pipeline using git, matplotlib, statistics
- Developed Data Scientist solution using matplotlib, statistics, deep learning
- Implemented automation using git, matplotlib

Certifications:
- Certified in Git — 2022
- Matplotlib Professional Certificate — 2023",23
1038,Matthew Thomas,Data Scientist,0,Master,University of Toronto,"matplotlib, statistics, deep learning, computer vision, pivot tables, scikit-learn, seaborn, gcp, jupyter, data visualization, r programming, keras, sql, machine learning, business intelligence, kubernetes, numpy, pandas, feature engineering, model evaluation","Name: Matthew Thomas
Experience: 0 years
Education: Master in Computer Science from University of Toronto
Skills: matplotlib, statistics, deep learning, computer vision, pivot tables, scikit-learn, seaborn, gcp, jupyter, data visualization, r programming, keras, sql, machine learning, business intelligence, kubernetes, numpy, pandas, feature engineering, model evaluation

Professional Summary:
Experienced Data Scientist with 0 years of industry experience.
Proficient in matplotlib, statistics, deep learning, computer vision, pivot tables.
Strong background in Master level education from University of Toronto.

Work Experience:
0 years working with matplotlib, statistics, deep learning, computer vision, pivot tables, scikit-learn, seaborn, gcp.
Developed solutions using matplotlib, statistics, deep learning, computer vision.
Collaborated on projects involving deep learning, computer vision, pivot tables, scikit-learn.

Projects:
- Built pipeline using matplotlib, statistics, deep learning
- Developed Data Scientist solution using statistics, deep learning, computer vision
- Implemented automation using matplotlib, statistics

Certifications:
- Certified in Matplotlib — 2022
- Statistics Professional Certificate — 2023",20
1039,Michael Kumar,Data Scientist,4,PhD,Stanford University,"git, matplotlib, statistics, deep learning, computer vision, scikit-learn, seaborn, tensorflow, jupyter, nlp, data visualization, r programming, keras, python, sql, machine learning, jenkins, bash, sass, numpy, pandas, feature engineering, model evaluation","Name: Michael Kumar
Experience: 4 years
Education: PhD in Computer Science from Stanford University
Skills: git, matplotlib, statistics, deep learning, computer vision, scikit-learn, seaborn, tensorflow, jupyter, nlp, data visualization, r programming, keras, python, sql, machine learning, jenkins, bash, sass, numpy, pandas, feature engineering, model evaluation

Professional Summary:
Experienced Data Scientist with 4 years of industry experience.
Proficient in git, matplotlib, statistics, deep learning, computer vision.
Strong background in PhD level education from Stanford University.

Work Experience:
4 years working with git, matplotlib, statistics, deep learning, computer vision, scikit-learn, seaborn, tensorflow.
Developed solutions using git, matplotlib, statistics, deep learning.
Collaborated on projects involving statistics, deep learning, computer vision, scikit-learn.

Projects:
- Built pipeline using git, matplotlib, statistics
- Developed Data Scientist solution using matplotlib, statistics, deep learning
- Implemented automation using git, matplotlib

Certifications:
- Certified in Git — 2022
- Matplotlib Professional Certificate — 2023",23
1040,John Smith,Data Scientist,8,Diploma,Stanford University,"nlp, git, redis, kubernetes, r programming, matplotlib, ansible, statistics, numpy, scikit-learn, seaborn, gcp, model evaluation, tensorflow, computer vision","Name: John Smith
Experience: 8 years
Education: Diploma in Computer Science from Stanford University
Skills: nlp, git, redis, kubernetes, r programming, matplotlib, ansible, statistics, numpy, scikit-learn, seaborn, gcp, model evaluation, tensorflow, computer vision

Professional Summary:
Experienced Data Scientist with 8 years of industry experience.
Proficient in nlp, git, redis, kubernetes, r programming.
Strong background in Diploma level education from Stanford University.

Work Experience:
8 years working with nlp, git, redis, kubernetes, r programming, matplotlib, ansible, statistics.
Developed solutions using nlp, git, redis, kubernetes.
Collaborated on projects involving redis, kubernetes, r programming, matplotlib.

Projects:
- Built pipeline using nlp, git, redis
- Developed Data Scientist solution using git, redis, kubernetes
- Implemented automation using nlp, git

Certifications:
- Certified in Nlp — 2022
- Git Professional Certificate — 2023",15
1041,Ahmed Miller,Web Developer,9,Master,UC Berkeley,"html, looker, php, vue.js, sass, docker, typescript, jquery, webpack, gcp, ci/cd, nodejs, vlookup","Name: Ahmed Miller
Experience: 9 years
Education: Master in Computer Science from UC Berkeley
Skills: html, looker, php, vue.js, sass, docker, typescript, jquery, webpack, gcp, ci/cd, nodejs, vlookup

Professional Summary:
Experienced Web Developer with 9 years of industry experience.
Proficient in html, looker, php, vue.js, sass.
Strong background in Master level education from UC Berkeley.

Work Experience:
9 years working with html, looker, php, vue.js, sass, docker, typescript, jquery.
Developed solutions using html, looker, php, vue.js.
Collaborated on projects involving php, vue.js, sass, docker.

Projects:
- Built pipeline using html, looker, php
- Developed Web Developer solution using looker, php, vue.js
- Implemented automation using html, looker

Certifications:
- Certified in Html — 2022
- Looker Professional Certificate — 2023",13
1042,John Rodriguez,Web Developer,5,PhD,ETH Zurich,"html, git, graphql, mysql, vue.js, linux, restful api, agile, php, monitoring, seaborn, webpack, jquery, mongodb, typescript, css, javascript, sass, docker, bootstrap, responsive design, react, nodejs","Name: John Rodriguez
Experience: 5 years
Education: PhD in Computer Science from ETH Zurich
Skills: html, git, graphql, mysql, vue.js, linux, restful api, agile, php, monitoring, seaborn, webpack, jquery, mongodb, typescript, css, javascript, sass, docker, bootstrap, responsive design, react, nodejs

Professional Summary:
Experienced Web Developer with 5 years of industry experience.
Proficient in html, git, graphql, mysql, vue.js.
Strong background in PhD level education from ETH Zurich.

Work Experience:
5 years working with html, git, graphql, mysql, vue.js, linux, restful api, agile.
Developed solutions using html, git, graphql, mysql.
Collaborated on projects involving graphql, mysql, vue.js, linux.

Projects:
- Built pipeline using html, git, graphql
- Developed Web Developer solution using git, graphql, mysql
- Implemented automation using html, git

Certifications:
- Certified in Html — 2022
- Git Professional Certificate — 2023",23
1043,Chen Brown,Web Developer,8,Diploma,MIT,"html, git, graphql, mysql, vue.js, aws, restful api, agile, etl, typescript, jquery, mongodb, webpack, ci/cd, css, python, javascript, sass, docker, bootstrap, responsive design, react, nodejs","Name: Chen Brown
Experience: 8 years
Education: Diploma in Computer Science from MIT
Skills: html, git, graphql, mysql, vue.js, aws, restful api, agile, etl, typescript, jquery, mongodb, webpack, ci/cd, css, python, javascript, sass, docker, bootstrap, responsive design, react, nodejs

Professional Summary:
Experienced Web Developer with 8 years of industry experience.
Proficient in html, git, graphql, mysql, vue.js.
Strong background in Diploma level education from MIT.

Work Experience:
8 years working with html, git, graphql, mysql, vue.js, aws, restful api, agile.
Developed solutions using html, git, graphql, mysql.
Collaborated on projects involving graphql, mysql, vue.js, aws.

Projects:
- Built pipeline using html, git, graphql
- Developed Web Developer solution using git, graphql, mysql
- Implemented automation using html, git

Certifications:
- Certified in Html — 2022
- Git Professional Certificate — 2023",23
1044,Emily Brown,Web Developer,7,Master,University of Sussex,"html, agile, css, computer vision, mysql, vue.js, mlops, r programming, webpack, typescript, responsive design, mongodb, react, restful api, tensorflow, javascript","Name: Emily Brown
Experience: 7 years
Education: Master in Computer Science from University of Sussex
Skills: html, agile, css, computer vision, mysql, vue.js, mlops, r programming, webpack, typescript, responsive design, mongodb, react, restful api, tensorflow, javascript

Professional Summary:
Experienced Web Developer with 7 years of industry experience.
Proficient in html, agile, css, computer vision, mysql.
Strong background in Master level education from University of Sussex.

Work Experience:
7 years working with html, agile, css, computer vision, mysql, vue.js, mlops, r programming.
Developed solutions using html, agile, css, computer vision.
Collaborated on projects involving css, computer vision, mysql, vue.js.

Projects:
- Built pipeline using html, agile, css
- Developed Web Developer solution using agile, css, computer vision
- Implemented automation using html, agile

Certifications:
- Certified in Html — 2022
- Agile Professional Certificate — 2023",16
1045,Syed Davis,Web Developer,7,Master,University of Oxford,"html, data visualization, agile, graphql, css, git, mysql, vue.js, sass, docker, statistics, bootstrap, webpack, typescript, gcp, restful api, nodejs, javascript","Name: Syed Davis
Experience: 7 years
Education: Master in Computer Science from University of Oxford
Skills: html, data visualization, agile, graphql, css, git, mysql, vue.js, sass, docker, statistics, bootstrap, webpack, typescript, gcp, restful api, nodejs, javascript

Professional Summary:
Experienced Web Developer with 7 years of industry experience.
Proficient in html, data visualization, agile, graphql, css.
Strong background in Master level education from University of Oxford.

Work Experience:
7 years working with html, data visualization, agile, graphql, css, git, mysql, vue.js.
Developed solutions using html, data visualization, agile, graphql.
Collaborated on projects involving agile, graphql, css, git.

Projects:
- Built pipeline using html, data visualization, agile
- Developed Web Developer solution using data visualization, agile, graphql
- Implemented automation using html, data visualization

Certifications:
- Certified in Html — 2022
- Data Visualization Professional Certificate — 2023",18
1046,Ahmed Rodriguez,Web Developer,1,Master,NUS Singapore,"html, git, graphql, mysql, vue.js, restful api, agile, php, tableau, power bi, webpack, jquery, mongodb, model deployment, css, javascript, pytorch, docker, bootstrap, responsive design, nodejs","Name: Ahmed Rodriguez
Experience: 1 years
Education: Master in Computer Science from NUS Singapore
Skills: html, git, graphql, mysql, vue.js, restful api, agile, php, tableau, power bi, webpack, jquery, mongodb, model deployment, css, javascript, pytorch, docker, bootstrap, responsive design, nodejs

Professional Summary:
Experienced Web Developer with 1 years of industry experience.
Proficient in html, git, graphql, mysql, vue.js.
Strong background in Master level education from NUS Singapore.

Work Experience:
1 years working with html, git, graphql, mysql, vue.js, restful api, agile, php.
Developed solutions using html, git, graphql, mysql.
Collaborated on projects involving graphql, mysql, vue.js, restful api.

Projects:
- Built pipeline using html, git, graphql
- Developed Web Developer solution using git, graphql, mysql
- Implemented automation using html, git

Certifications:
- Certified in Html — 2022
- Git Professional Certificate — 2023",21
1047,Sarah Taylor,Web Developer,12,Diploma,MIT,"graphql, mysql, vue.js, aws, restful api, agile, php, tableau, typescript, webpack, mongodb, gcp, css, reporting, javascript, sass, docker, bootstrap, responsive design, react, nodejs","Name: Sarah Taylor
Experience: 12 years
Education: Diploma in Computer Science from MIT
Skills: graphql, mysql, vue.js, aws, restful api, agile, php, tableau, typescript, webpack, mongodb, gcp, css, reporting, javascript, sass, docker, bootstrap, responsive design, react, nodejs

Professional Summary:
Experienced Web Developer with 12 years of industry experience.
Proficient in graphql, mysql, vue.js, aws, restful api.
Strong background in Diploma level education from MIT.

Work Experience:
12 years working with graphql, mysql, vue.js, aws, restful api, agile, php, tableau.
Developed solutions using graphql, mysql, vue.js, aws.
Collaborated on projects involving vue.js, aws, restful api, agile.

Projects:
- Built pipeline using graphql, mysql, vue.js
- Developed Web Developer solution using mysql, vue.js, aws
- Implemented automation using graphql, mysql

Certifications:
- Certified in Graphql — 2022
- Mysql Professional Certificate — 2023",21
1048,David Davis,Web Developer,10,Diploma,UC Berkeley,"html, git, graphql, mysql, vue.js, restful api, agile, php, tableau, etl, typescript, webpack, mongodb, jquery, data visualization, css, javascript, sass, docker, bootstrap, model evaluation, responsive design, react, nodejs","Name: David Davis
Experience: 10 years
Education: Diploma in Computer Science from UC Berkeley
Skills: html, git, graphql, mysql, vue.js, restful api, agile, php, tableau, etl, typescript, webpack, mongodb, jquery, data visualization, css, javascript, sass, docker, bootstrap, model evaluation, responsive design, react, nodejs

Professional Summary:
Experienced Web Developer with 10 years of industry experience.
Proficient in html, git, graphql, mysql, vue.js.
Strong background in Diploma level education from UC Berkeley.

Work Experience:
10 years working with html, git, graphql, mysql, vue.js, restful api, agile, php.
Developed solutions using html, git, graphql, mysql.
Collaborated on projects involving graphql, mysql, vue.js, restful api.

Projects:
- Built pipeline using html, git, graphql
- Developed Web Developer solution using git, graphql, mysql
- Implemented automation using html, git

Certifications:
- Certified in Html — 2022
- Git Professional Certificate — 2023",24
1049,David Johnson,Web Developer,0,PhD,University of Toronto,"looker, git, graphql, php, tableau, mysql, vue.js, ci/cd, azure, webpack, react, restful api, nodejs","Name: David Johnson
Experience: 0 years
Education: PhD in Computer Science from University of Toronto
Skills: looker, git, graphql, php, tableau, mysql, vue.js, ci/cd, azure, webpack, react, restful api, nodejs

Professional Summary:
Experienced Web Developer with 0 years of industry experience.
Proficient in looker, git, graphql, php, tableau.
Strong background in PhD level education from University of Toronto.

Work Experience:
0 years working with looker, git, graphql, php, tableau, mysql, vue.js, ci/cd.
Developed solutions using looker, git, graphql, php.
Collaborated on projects involving graphql, php, tableau, mysql.

Projects:
- Built pipeline using looker, git, graphql
- Developed Web Developer solution using git, graphql, php
- Implemented automation using looker, git

Certifications:
- Certified in Looker — 2022
- Git Professional Certificate — 2023",13
1050,Syed Ali,Web Developer,4,Bachelor,University of Sussex,"html, git, php, agile, css, mysql, vue.js, tableau, sass, docker, google analytics, deep learning, scikit-learn, webpack, typescript, mongodb, restful api","Name: Syed Ali
Experience: 4 years
Education: Bachelor in Computer Science from University of Sussex
Skills: html, git, php, agile, css, mysql, vue.js, tableau, sass, docker, google analytics, deep learning, scikit-learn, webpack, typescript, mongodb, restful api

Professional Summary:
Experienced Web Developer with 4 years of industry experience.
Proficient in html, git, php, agile, css.
Strong background in Bachelor level education from University of Sussex.

Work Experience:
4 years working with html, git, php, agile, css, mysql, vue.js, tableau.
Developed solutions using html, git, php, agile.
Collaborated on projects involving php, agile, css, mysql.

Projects:
- Built pipeline using html, git, php
- Developed Web Developer solution using git, php, agile
- Implemented automation using html, git

Certifications:
- Certified in Html — 2022
- Git Professional Certificate — 2023",17
1051,Syed Smith,Web Developer,0,PhD,University of Oxford,"agile, graphql, redis, r programming, sass, docker, webpack, jquery, mongodb, tensorflow, react, restful api, model deployment, javascript","Name: Syed Smith
Experience: 0 years
Education: PhD in Computer Science from University of Oxford
Skills: agile, graphql, redis, r programming, sass, docker, webpack, jquery, mongodb, tensorflow, react, restful api, model deployment, javascript

Professional Summary:
Experienced Web Developer with 0 years of industry experience.
Proficient in agile, graphql, redis, r programming, sass.
Strong background in PhD level education from University of Oxford.

Work Experience:
0 years working with agile, graphql, redis, r programming, sass, docker, webpack, jquery.
Developed solutions using agile, graphql, redis, r programming.
Collaborated on projects involving redis, r programming, sass, docker.

Projects:
- Built pipeline using agile, graphql, redis
- Developed Web Developer solution using graphql, redis, r programming
- Implemented automation using agile, graphql

Certifications:
- Certified in Agile — 2022
- Graphql Professional Certificate — 2023",14
1052,Jessica Brown,Web Developer,10,Bachelor,Harvard University,"html, looker, git, php, vue.js, aws, google analytics, jquery, linux, restful api, nodejs, javascript","Name: Jessica Brown
Experience: 10 years
Education: Bachelor in Computer Science from Harvard University
Skills: html, looker, git, php, vue.js, aws, google analytics, jquery, linux, restful api, nodejs, javascript

Professional Summary:
Experienced Web Developer with 10 years of industry experience.
Proficient in html, looker, git, php, vue.js.
Strong background in Bachelor level education from Harvard University.

Work Experience:
10 years working with html, looker, git, php, vue.js, aws, google analytics, jquery.
Developed solutions using html, looker, git, php.
Collaborated on projects involving git, php, vue.js, aws.

Projects:
- Built pipeline using html, looker, git
- Developed Web Developer solution using looker, git, php
- Implemented automation using html, looker

Certifications:
- Certified in Html — 2022
- Looker Professional Certificate — 2023",12
1053,Priya Martinez,Web Developer,9,Bachelor,University of Toronto,"html, git, mysql, vue.js, restful api, agile, php, mlops, webpack, jquery, mongodb, tensorflow, css, r programming, kubernetes, sass, docker, bootstrap, responsive design, react","Name: Priya Martinez
Experience: 9 years
Education: Bachelor in Computer Science from University of Toronto
Skills: html, git, mysql, vue.js, restful api, agile, php, mlops, webpack, jquery, mongodb, tensorflow, css, r programming, kubernetes, sass, docker, bootstrap, responsive design, react

Professional Summary:
Experienced Web Developer with 9 years of industry experience.
Proficient in html, git, mysql, vue.js, restful api.
Strong background in Bachelor level education from University of Toronto.

Work Experience:
9 years working with html, git, mysql, vue.js, restful api, agile, php, mlops.
Developed solutions using html, git, mysql, vue.js.
Collaborated on projects involving mysql, vue.js, restful api, agile.

Projects:
- Built pipeline using html, git, mysql
- Developed Web Developer solution using git, mysql, vue.js
- Implemented automation using html, git

Certifications:
- Certified in Html — 2022
- Git Professional Certificate — 2023",20
1054,Matthew Haque,Web Developer,10,PhD,NUS Singapore,"git, graphql, mysql, vue.js, linux, spark, agile, php, azure, typescript, jquery, mongodb, webpack, css, model monitoring, javascript, sass, docker, bootstrap, responsive design, react","Name: Matthew Haque
Experience: 10 years
Education: PhD in Computer Science from NUS Singapore
Skills: git, graphql, mysql, vue.js, linux, spark, agile, php, azure, typescript, jquery, mongodb, webpack, css, model monitoring, javascript, sass, docker, bootstrap, responsive design, react

Professional Summary:
Experienced Web Developer with 10 years of industry experience.
Proficient in git, graphql, mysql, vue.js, linux.
Strong background in PhD level education from NUS Singapore.

Work Experience:
10 years working with git, graphql, mysql, vue.js, linux, spark, agile, php.
Developed solutions using git, graphql, mysql, vue.js.
Collaborated on projects involving mysql, vue.js, linux, spark.

Projects:
- Built pipeline using git, graphql, mysql
- Developed Web Developer solution using graphql, mysql, vue.js
- Implemented automation using git, graphql

Certifications:
- Certified in Git — 2022
- Graphql Professional Certificate — 2023",21
1055,Rahul Wilson,Web Developer,5,Master,University of Manchester,"html, git, graphql, css, php, mysql, kubernetes, ci/cd, sass, docker, azure, bootstrap, webpack, jquery, typescript, responsive design, restful api, javascript","Name: Rahul Wilson
Experience: 5 years
Education: Master in Computer Science from University of Manchester
Skills: html, git, graphql, css, php, mysql, kubernetes, ci/cd, sass, docker, azure, bootstrap, webpack, jquery, typescript, responsive design, restful api, javascript

Professional Summary:
Experienced Web Developer with 5 years of industry experience.
Proficient in html, git, graphql, css, php.
Strong background in Master level education from University of Manchester.

Work Experience:
5 years working with html, git, graphql, css, php, mysql, kubernetes, ci/cd.
Developed solutions using html, git, graphql, css.
Collaborated on projects involving graphql, css, php, mysql.

Projects:
- Built pipeline using html, git, graphql
- Developed Web Developer solution using git, graphql, css
- Implemented automation using html, git

Certifications:
- Certified in Html — 2022
- Git Professional Certificate — 2023",18
1056,Priya Brown,Web Developer,9,Master,Harvard University,"html, networking, git, graphql, mysql, vue.js, restful api, php, typescript, jquery, mongodb, webpack, data visualization, css, reporting, javascript, docker, bootstrap, responsive design, react, nodejs","Name: Priya Brown
Experience: 9 years
Education: Master in Computer Science from Harvard University
Skills: html, networking, git, graphql, mysql, vue.js, restful api, php, typescript, jquery, mongodb, webpack, data visualization, css, reporting, javascript, docker, bootstrap, responsive design, react, nodejs

Professional Summary:
Experienced Web Developer with 9 years of industry experience.
Proficient in html, networking, git, graphql, mysql.
Strong background in Master level education from Harvard University.

Work Experience:
9 years working with html, networking, git, graphql, mysql, vue.js, restful api, php.
Developed solutions using html, networking, git, graphql.
Collaborated on projects involving git, graphql, mysql, vue.js.

Projects:
- Built pipeline using html, networking, git
- Developed Web Developer solution using networking, git, graphql
- Implemented automation using html, networking

Certifications:
- Certified in Html — 2022
- Networking Professional Certificate — 2023",21
1057,Jessica Jones,Web Developer,9,Diploma,Stanford University,"html, git, graphql, reporting, mysql, aws, bootstrap, python, webpack, jquery, mongodb, restful api, javascript, vlookup","Name: Jessica Jones
Experience: 9 years
Education: Diploma in Computer Science from Stanford University
Skills: html, git, graphql, reporting, mysql, aws, bootstrap, python, webpack, jquery, mongodb, restful api, javascript, vlookup

Professional Summary:
Experienced Web Developer with 9 years of industry experience.
Proficient in html, git, graphql, reporting, mysql.
Strong background in Diploma level education from Stanford University.

Work Experience:
9 years working with html, git, graphql, reporting, mysql, aws, bootstrap, python.
Developed solutions using html, git, graphql, reporting.
Collaborated on projects involving graphql, reporting, mysql, aws.

Projects:
- Built pipeline using html, git, graphql
- Developed Web Developer solution using git, graphql, reporting
- Implemented automation using html, git

Certifications:
- Certified in Html — 2022
- Git Professional Certificate — 2023",14
1058,Sarah Jones,Web Developer,2,Bachelor,University of Manchester,"kafka, agile, sass, docker, statistics, bootstrap, feature engineering, webpack, typescript, mongodb, react, ci/cd, nodejs","Name: Sarah Jones
Experience: 2 years
Education: Bachelor in Computer Science from University of Manchester
Skills: kafka, agile, sass, docker, statistics, bootstrap, feature engineering, webpack, typescript, mongodb, react, ci/cd, nodejs

Professional Summary:
Experienced Web Developer with 2 years of industry experience.
Proficient in kafka, agile, sass, docker, statistics.
Strong background in Bachelor level education from University of Manchester.

Work Experience:
2 years working with kafka, agile, sass, docker, statistics, bootstrap, feature engineering, webpack.
Developed solutions using kafka, agile, sass, docker.
Collaborated on projects involving sass, docker, statistics, bootstrap.

Projects:
- Built pipeline using kafka, agile, sass
- Developed Web Developer solution using agile, sass, docker
- Implemented automation using kafka, agile

Certifications:
- Certified in Kafka — 2022
- Agile Professional Certificate — 2023",13
1059,Carlos Martinez,Web Developer,10,PhD,MIT,"html, css, php, jenkins, mysql, matplotlib, sass, ci/cd, feature engineering, mongodb, responsive design, react, restful api, nodejs, javascript","Name: Carlos Martinez
Experience: 10 years
Education: PhD in Computer Science from MIT
Skills: html, css, php, jenkins, mysql, matplotlib, sass, ci/cd, feature engineering, mongodb, responsive design, react, restful api, nodejs, javascript

Professional Summary:
Experienced Web Developer with 10 years of industry experience.
Proficient in html, css, php, jenkins, mysql.
Strong background in PhD level education from MIT.

Work Experience:
10 years working with html, css, php, jenkins, mysql, matplotlib, sass, ci/cd.
Developed solutions using html, css, php, jenkins.
Collaborated on projects involving php, jenkins, mysql, matplotlib.

Projects:
- Built pipeline using html, css, php
- Developed Web Developer solution using css, php, jenkins
- Implemented automation using html, css

Certifications:
- Certified in Html — 2022
- Css Professional Certificate — 2023",15
1060,Ahmed Anderson,Web Developer,11,Master,ETH Zurich,"html, git, mysql, vue.js, airflow, restful api, agile, php, mlops, typescript, jquery, mongodb, webpack, css, keras, javascript, docker, model evaluation, responsive design, react","Name: Ahmed Anderson
Experience: 11 years
Education: Master in Computer Science from ETH Zurich
Skills: html, git, mysql, vue.js, airflow, restful api, agile, php, mlops, typescript, jquery, mongodb, webpack, css, keras, javascript, docker, model evaluation, responsive design, react

Professional Summary:
Experienced Web Developer with 11 years of industry experience.
Proficient in html, git, mysql, vue.js, airflow.
Strong background in Master level education from ETH Zurich.

Work Experience:
11 years working with html, git, mysql, vue.js, airflow, restful api, agile, php.
Developed solutions using html, git, mysql, vue.js.
Collaborated on projects involving mysql, vue.js, airflow, restful api.

Projects:
- Built pipeline using html, git, mysql
- Developed Web Developer solution using git, mysql, vue.js
- Implemented automation using html, git

Certifications:
- Certified in Html — 2022
- Git Professional Certificate — 2023",20
1061,Fatima Brown,Web Developer,3,Diploma,Carnegie Mellon University,"agile, graphql, css, power bi, mysql, vue.js, kubernetes, docker, pandas, bootstrap, webpack, jquery, responsive design, typescript, react, restful api, mongodb, javascript","Name: Fatima Brown
Experience: 3 years
Education: Diploma in Computer Science from Carnegie Mellon University
Skills: agile, graphql, css, power bi, mysql, vue.js, kubernetes, docker, pandas, bootstrap, webpack, jquery, responsive design, typescript, react, restful api, mongodb, javascript

Professional Summary:
Experienced Web Developer with 3 years of industry experience.
Proficient in agile, graphql, css, power bi, mysql.
Strong background in Diploma level education from Carnegie Mellon University.

Work Experience:
3 years working with agile, graphql, css, power bi, mysql, vue.js, kubernetes, docker.
Developed solutions using agile, graphql, css, power bi.
Collaborated on projects involving css, power bi, mysql, vue.js.

Projects:
- Built pipeline using agile, graphql, css
- Developed Web Developer solution using graphql, css, power bi
- Implemented automation using agile, graphql

Certifications:
- Certified in Agile — 2022
- Graphql Professional Certificate — 2023",18
1062,Matthew Miller,Web Developer,2,Master,Georgia Tech,"html, git, graphql, mysql, vue.js, deep learning, restful api, agile, php, scikit-learn, seaborn, webpack, jquery, mongodb, typescript, ci/cd, css, javascript, sass, docker, bootstrap, responsive design, react, nodejs","Name: Matthew Miller
Experience: 2 years
Education: Master in Computer Science from Georgia Tech
Skills: html, git, graphql, mysql, vue.js, deep learning, restful api, agile, php, scikit-learn, seaborn, webpack, jquery, mongodb, typescript, ci/cd, css, javascript, sass, docker, bootstrap, responsive design, react, nodejs

Professional Summary:
Experienced Web Developer with 2 years of industry experience.
Proficient in html, git, graphql, mysql, vue.js.
Strong background in Master level education from Georgia Tech.

Work Experience:
2 years working with html, git, graphql, mysql, vue.js, deep learning, restful api, agile.
Developed solutions using html, git, graphql, mysql.
Collaborated on projects involving graphql, mysql, vue.js, deep learning.

Projects:
- Built pipeline using html, git, graphql
- Developed Web Developer solution using git, graphql, mysql
- Implemented automation using html, git

Certifications:
- Certified in Html — 2022
- Git Professional Certificate — 2023",24
1063,Chen Johnson,Web Developer,0,PhD,UC Berkeley,"html, looker, agile, graphql, php, git, mysql, r programming, kubernetes, sass, typescript, jquery, responsive design, react, ci/cd, javascript","Name: Chen Johnson
Experience: 0 years
Education: PhD in Computer Science from UC Berkeley
Skills: html, looker, agile, graphql, php, git, mysql, r programming, kubernetes, sass, typescript, jquery, responsive design, react, ci/cd, javascript

Professional Summary:
Experienced Web Developer with 0 years of industry experience.
Proficient in html, looker, agile, graphql, php.
Strong background in PhD level education from UC Berkeley.

Work Experience:
0 years working with html, looker, agile, graphql, php, git, mysql, r programming.
Developed solutions using html, looker, agile, graphql.
Collaborated on projects involving agile, graphql, php, git.

Projects:
- Built pipeline using html, looker, agile
- Developed Web Developer solution using looker, agile, graphql
- Implemented automation using html, looker

Certifications:
- Certified in Html — 2022
- Looker Professional Certificate — 2023",16
1064,Chen Brown,Web Developer,12,PhD,University of Sussex,"security, git, agile, css, ci/cd, sass, docker, airflow, azure, typescript, jquery, responsive design, restful api","Name: Chen Brown
Experience: 12 years
Education: PhD in Computer Science from University of Sussex
Skills: security, git, agile, css, ci/cd, sass, docker, airflow, azure, typescript, jquery, responsive design, restful api

Professional Summary:
Experienced Web Developer with 12 years of industry experience.
Proficient in security, git, agile, css, ci/cd.
Strong background in PhD level education from University of Sussex.

Work Experience:
12 years working with security, git, agile, css, ci/cd, sass, docker, airflow.
Developed solutions using security, git, agile, css.
Collaborated on projects involving agile, css, ci/cd, sass.

Projects:
- Built pipeline using security, git, agile
- Developed Web Developer solution using git, agile, css
- Implemented automation using security, git

Certifications:
- Certified in Security — 2022
- Git Professional Certificate — 2023",13
1065,Rahul Haque,Web Developer,0,PhD,Stanford University,"business intelligence, graphql, php, css, mysql, vue.js, power bi, git, docker, mlops, typescript, jquery, responsive design, webpack, react, restful api, javascript","Name: Rahul Haque
Experience: 0 years
Education: PhD in Computer Science from Stanford University
Skills: business intelligence, graphql, php, css, mysql, vue.js, power bi, git, docker, mlops, typescript, jquery, responsive design, webpack, react, restful api, javascript

Professional Summary:
Experienced Web Developer with 0 years of industry experience.
Proficient in business intelligence, graphql, php, css, mysql.
Strong background in PhD level education from Stanford University.

Work Experience:
0 years working with business intelligence, graphql, php, css, mysql, vue.js, power bi, git.
Developed solutions using business intelligence, graphql, php, css.
Collaborated on projects involving php, css, mysql, vue.js.

Projects:
- Built pipeline using business intelligence, graphql, php
- Developed Web Developer solution using graphql, php, css
- Implemented automation using business intelligence, graphql

Certifications:
- Certified in Business Intelligence — 2022
- Graphql Professional Certificate — 2023",17
1066,Amanda Anderson,Web Developer,6,PhD,UC Berkeley,"html, git, php, kubernetes, sass, docker, statistics, pandas, webpack, jquery, react, restful api, nodejs, javascript","Name: Amanda Anderson
Experience: 6 years
Education: PhD in Computer Science from UC Berkeley
Skills: html, git, php, kubernetes, sass, docker, statistics, pandas, webpack, jquery, react, restful api, nodejs, javascript

Professional Summary:
Experienced Web Developer with 6 years of industry experience.
Proficient in html, git, php, kubernetes, sass.
Strong background in PhD level education from UC Berkeley.

Work Experience:
6 years working with html, git, php, kubernetes, sass, docker, statistics, pandas.
Developed solutions using html, git, php, kubernetes.
Collaborated on projects involving php, kubernetes, sass, docker.

Projects:
- Built pipeline using html, git, php
- Developed Web Developer solution using git, php, kubernetes
- Implemented automation using html, git

Certifications:
- Certified in Html — 2022
- Git Professional Certificate — 2023",14
1067,Michael Taylor,Web Developer,12,Bachelor,ETH Zurich,"html, git, graphql, mysql, vue.js, aws, statistics, restful api, agile, php, webpack, jquery, mongodb, typescript, ci/cd, css, javascript, looker, sass, docker, bootstrap, responsive design, react, nodejs","Name: Michael Taylor
Experience: 12 years
Education: Bachelor in Computer Science from ETH Zurich
Skills: html, git, graphql, mysql, vue.js, aws, statistics, restful api, agile, php, webpack, jquery, mongodb, typescript, ci/cd, css, javascript, looker, sass, docker, bootstrap, responsive design, react, nodejs

Professional Summary:
Experienced Web Developer with 12 years of industry experience.
Proficient in html, git, graphql, mysql, vue.js.
Strong background in Bachelor level education from ETH Zurich.

Work Experience:
12 years working with html, git, graphql, mysql, vue.js, aws, statistics, restful api.
Developed solutions using html, git, graphql, mysql.
Collaborated on projects involving graphql, mysql, vue.js, aws.

Projects:
- Built pipeline using html, git, graphql
- Developed Web Developer solution using git, graphql, mysql
- Implemented automation using html, git

Certifications:
- Certified in Html — 2022
- Git Professional Certificate — 2023",24
1068,Priya Thomas,Web Developer,7,Diploma,Georgia Tech,"html, helm, graphql, mysql, fastapi, sass, docker, webpack, jquery, responsive design, linux, react, restful api, nodejs, javascript","Name: Priya Thomas
Experience: 7 years
Education: Diploma in Computer Science from Georgia Tech
Skills: html, helm, graphql, mysql, fastapi, sass, docker, webpack, jquery, responsive design, linux, react, restful api, nodejs, javascript

Professional Summary:
Experienced Web Developer with 7 years of industry experience.
Proficient in html, helm, graphql, mysql, fastapi.
Strong background in Diploma level education from Georgia Tech.

Work Experience:
7 years working with html, helm, graphql, mysql, fastapi, sass, docker, webpack.
Developed solutions using html, helm, graphql, mysql.
Collaborated on projects involving graphql, mysql, fastapi, sass.

Projects:
- Built pipeline using html, helm, graphql
- Developed Web Developer solution using helm, graphql, mysql
- Implemented automation using html, helm

Certifications:
- Certified in Html — 2022
- Helm Professional Certificate — 2023",15
1069,Amanda Williams,Web Developer,12,Master,University of Cambridge,"html, spark, git, graphql, php, css, mysql, vue.js, docker, pandas, bootstrap, python, jquery, mongodb, react, restful api, nodejs, javascript","Name: Amanda Williams
Experience: 12 years
Education: Master in Computer Science from University of Cambridge
Skills: html, spark, git, graphql, php, css, mysql, vue.js, docker, pandas, bootstrap, python, jquery, mongodb, react, restful api, nodejs, javascript

Professional Summary:
Experienced Web Developer with 12 years of industry experience.
Proficient in html, spark, git, graphql, php.
Strong background in Master level education from University of Cambridge.

Work Experience:
12 years working with html, spark, git, graphql, php, css, mysql, vue.js.
Developed solutions using html, spark, git, graphql.
Collaborated on projects involving git, graphql, php, css.

Projects:
- Built pipeline using html, spark, git
- Developed Web Developer solution using spark, git, graphql
- Implemented automation using html, spark

Certifications:
- Certified in Html — 2022
- Spark Professional Certificate — 2023",18
1070,Rahul Jones,Web Developer,2,Bachelor,University of Cambridge,"html, graphql, vue.js, agile, php, azure, webpack, jquery, typescript, mongodb, javascript, machine learning, ansible, sass, docker, bootstrap, responsive design, react, nodejs","Name: Rahul Jones
Experience: 2 years
Education: Bachelor in Computer Science from University of Cambridge
Skills: html, graphql, vue.js, agile, php, azure, webpack, jquery, typescript, mongodb, javascript, machine learning, ansible, sass, docker, bootstrap, responsive design, react, nodejs

Professional Summary:
Experienced Web Developer with 2 years of industry experience.
Proficient in html, graphql, vue.js, agile, php.
Strong background in Bachelor level education from University of Cambridge.

Work Experience:
2 years working with html, graphql, vue.js, agile, php, azure, webpack, jquery.
Developed solutions using html, graphql, vue.js, agile.
Collaborated on projects involving vue.js, agile, php, azure.

Projects:
- Built pipeline using html, graphql, vue.js
- Developed Web Developer solution using graphql, vue.js, agile
- Implemented automation using html, graphql

Certifications:
- Certified in Html — 2022
- Graphql Professional Certificate — 2023",19
1071,Syed Zhang,Web Developer,1,Bachelor,UC Berkeley,"html, git, graphql, mysql, restful api, dashboard, php, mlops, webpack, jquery, mongodb, python, javascript, fastapi, sass, bootstrap, responsive design, react, nodejs","Name: Syed Zhang
Experience: 1 years
Education: Bachelor in Computer Science from UC Berkeley
Skills: html, git, graphql, mysql, restful api, dashboard, php, mlops, webpack, jquery, mongodb, python, javascript, fastapi, sass, bootstrap, responsive design, react, nodejs

Professional Summary:
Experienced Web Developer with 1 years of industry experience.
Proficient in html, git, graphql, mysql, restful api.
Strong background in Bachelor level education from UC Berkeley.

Work Experience:
1 years working with html, git, graphql, mysql, restful api, dashboard, php, mlops.
Developed solutions using html, git, graphql, mysql.
Collaborated on projects involving graphql, mysql, restful api, dashboard.

Projects:
- Built pipeline using html, git, graphql
- Developed Web Developer solution using git, graphql, mysql
- Implemented automation using html, git

Certifications:
- Certified in Html — 2022
- Git Professional Certificate — 2023",19
1072,Maria Anderson,Web Developer,8,Bachelor,NUS Singapore,"html, git, graphql, mysql, google analytics, restful api, agile, php, typescript, webpack, css, data cleaning, javascript, jenkins, prometheus, sass, docker, bootstrap, react","Name: Maria Anderson
Experience: 8 years
Education: Bachelor in Computer Science from NUS Singapore
Skills: html, git, graphql, mysql, google analytics, restful api, agile, php, typescript, webpack, css, data cleaning, javascript, jenkins, prometheus, sass, docker, bootstrap, react

Professional Summary:
Experienced Web Developer with 8 years of industry experience.
Proficient in html, git, graphql, mysql, google analytics.
Strong background in Bachelor level education from NUS Singapore.

Work Experience:
8 years working with html, git, graphql, mysql, google analytics, restful api, agile, php.
Developed solutions using html, git, graphql, mysql.
Collaborated on projects involving graphql, mysql, google analytics, restful api.

Projects:
- Built pipeline using html, git, graphql
- Developed Web Developer solution using git, graphql, mysql
- Implemented automation using html, git

Certifications:
- Certified in Html — 2022
- Git Professional Certificate — 2023",19
1073,David Williams,Web Developer,11,Diploma,MIT,"data visualization, agile, css, graphql, git, mysql, vue.js, dashboard, sass, docker, excel, scikit-learn, webpack, typescript, mongodb, nodejs","Name: David Williams
Experience: 11 years
Education: Diploma in Computer Science from MIT
Skills: data visualization, agile, css, graphql, git, mysql, vue.js, dashboard, sass, docker, excel, scikit-learn, webpack, typescript, mongodb, nodejs

Professional Summary:
Experienced Web Developer with 11 years of industry experience.
Proficient in data visualization, agile, css, graphql, git.
Strong background in Diploma level education from MIT.

Work Experience:
11 years working with data visualization, agile, css, graphql, git, mysql, vue.js, dashboard.
Developed solutions using data visualization, agile, css, graphql.
Collaborated on projects involving css, graphql, git, mysql.

Projects:
- Built pipeline using data visualization, agile, css
- Developed Web Developer solution using agile, css, graphql
- Implemented automation using data visualization, agile

Certifications:
- Certified in Data Visualization — 2022
- Agile Professional Certificate — 2023",16
1074,Rahul Wilson,Web Developer,1,PhD,NUS Singapore,"spark, agile, php, git, css, mysql, vue.js, ci/cd, tableau, bootstrap, python, typescript, jquery, mongodb, responsive design, react, restful api, nodejs","Name: Rahul Wilson
Experience: 1 years
Education: PhD in Computer Science from NUS Singapore
Skills: spark, agile, php, git, css, mysql, vue.js, ci/cd, tableau, bootstrap, python, typescript, jquery, mongodb, responsive design, react, restful api, nodejs

Professional Summary:
Experienced Web Developer with 1 years of industry experience.
Proficient in spark, agile, php, git, css.
Strong background in PhD level education from NUS Singapore.

Work Experience:
1 years working with spark, agile, php, git, css, mysql, vue.js, ci/cd.
Developed solutions using spark, agile, php, git.
Collaborated on projects involving php, git, css, mysql.

Projects:
- Built pipeline using spark, agile, php
- Developed Web Developer solution using agile, php, git
- Implemented automation using spark, agile

Certifications:
- Certified in Spark — 2022
- Agile Professional Certificate — 2023",18
1075,Rahul Taylor,Web Developer,4,Diploma,Carnegie Mellon University,"html, graphql, mysql, vue.js, restful api, agile, php, webpack, jquery, mongodb, typescript, ci/cd, css, r programming, javascript, kubernetes, sass, docker, bootstrap, model evaluation, responsive design, react, nodejs","Name: Rahul Taylor
Experience: 4 years
Education: Diploma in Computer Science from Carnegie Mellon University
Skills: html, graphql, mysql, vue.js, restful api, agile, php, webpack, jquery, mongodb, typescript, ci/cd, css, r programming, javascript, kubernetes, sass, docker, bootstrap, model evaluation, responsive design, react, nodejs

Professional Summary:
Experienced Web Developer with 4 years of industry experience.
Proficient in html, graphql, mysql, vue.js, restful api.
Strong background in Diploma level education from Carnegie Mellon University.

Work Experience:
4 years working with html, graphql, mysql, vue.js, restful api, agile, php, webpack.
Developed solutions using html, graphql, mysql, vue.js.
Collaborated on projects involving mysql, vue.js, restful api, agile.

Projects:
- Built pipeline using html, graphql, mysql
- Developed Web Developer solution using graphql, mysql, vue.js
- Implemented automation using html, graphql

Certifications:
- Certified in Html — 2022
- Graphql Professional Certificate — 2023",23
1076,Michael Davis,Web Developer,12,PhD,IIT Delhi,"agile, php, css, git, mysql, sass, docker, numpy, pandas, webpack, typescript, responsive design, jquery, react, restful api, linux, nodejs, javascript","Name: Michael Davis
Experience: 12 years
Education: PhD in Computer Science from IIT Delhi
Skills: agile, php, css, git, mysql, sass, docker, numpy, pandas, webpack, typescript, responsive design, jquery, react, restful api, linux, nodejs, javascript

Professional Summary:
Experienced Web Developer with 12 years of industry experience.
Proficient in agile, php, css, git, mysql.
Strong background in PhD level education from IIT Delhi.

Work Experience:
12 years working with agile, php, css, git, mysql, sass, docker, numpy.
Developed solutions using agile, php, css, git.
Collaborated on projects involving css, git, mysql, sass.

Projects:
- Built pipeline using agile, php, css
- Developed Web Developer solution using php, css, git
- Implemented automation using agile, php

Certifications:
- Certified in Agile — 2022
- Php Professional Certificate — 2023",18
1077,Jessica Rodriguez,Web Developer,8,Diploma,Columbia University,"git, mysql, vue.js, pivot tables, agile, php, webpack, typescript, mongodb, jquery, nlp, css, python, sql, javascript, sass, bootstrap, responsive design, react, nodejs","Name: Jessica Rodriguez
Experience: 8 years
Education: Diploma in Computer Science from Columbia University
Skills: git, mysql, vue.js, pivot tables, agile, php, webpack, typescript, mongodb, jquery, nlp, css, python, sql, javascript, sass, bootstrap, responsive design, react, nodejs

Professional Summary:
Experienced Web Developer with 8 years of industry experience.
Proficient in git, mysql, vue.js, pivot tables, agile.
Strong background in Diploma level education from Columbia University.

Work Experience:
8 years working with git, mysql, vue.js, pivot tables, agile, php, webpack, typescript.
Developed solutions using git, mysql, vue.js, pivot tables.
Collaborated on projects involving vue.js, pivot tables, agile, php.

Projects:
- Built pipeline using git, mysql, vue.js
- Developed Web Developer solution using mysql, vue.js, pivot tables
- Implemented automation using git, mysql

Certifications:
- Certified in Git — 2022
- Mysql Professional Certificate — 2023",20
1078,John Taylor,Web Developer,4,Master,University of Sussex,"html, git, graphql, mysql, vue.js, grafana, restful api, agile, php, etl, typescript, jquery, webpack, mongodb, css, javascript, prometheus, sass, bootstrap, responsive design, react, nodejs","Name: John Taylor
Experience: 4 years
Education: Master in Computer Science from University of Sussex
Skills: html, git, graphql, mysql, vue.js, grafana, restful api, agile, php, etl, typescript, jquery, webpack, mongodb, css, javascript, prometheus, sass, bootstrap, responsive design, react, nodejs

Professional Summary:
Experienced Web Developer with 4 years of industry experience.
Proficient in html, git, graphql, mysql, vue.js.
Strong background in Master level education from University of Sussex.

Work Experience:
4 years working with html, git, graphql, mysql, vue.js, grafana, restful api, agile.
Developed solutions using html, git, graphql, mysql.
Collaborated on projects involving graphql, mysql, vue.js, grafana.

Projects:
- Built pipeline using html, git, graphql
- Developed Web Developer solution using git, graphql, mysql
- Implemented automation using html, git

Certifications:
- Certified in Html — 2022
- Git Professional Certificate — 2023",22
1079,Emma Williams,Web Developer,2,PhD,University of Manchester,"agile, php, mysql, fastapi, sass, docker, statistics, model monitoring, webpack, jquery, typescript, nodejs, machine learning","Name: Emma Williams
Experience: 2 years
Education: PhD in Computer Science from University of Manchester
Skills: agile, php, mysql, fastapi, sass, docker, statistics, model monitoring, webpack, jquery, typescript, nodejs, machine learning

Professional Summary:
Experienced Web Developer with 2 years of industry experience.
Proficient in agile, php, mysql, fastapi, sass.
Strong background in PhD level education from University of Manchester.

Work Experience:
2 years working with agile, php, mysql, fastapi, sass, docker, statistics, model monitoring.
Developed solutions using agile, php, mysql, fastapi.
Collaborated on projects involving mysql, fastapi, sass, docker.

Projects:
- Built pipeline using agile, php, mysql
- Developed Web Developer solution using php, mysql, fastapi
- Implemented automation using agile, php

Certifications:
- Certified in Agile — 2022
- Php Professional Certificate — 2023",13
1080,Maria Jones,Web Developer,4,Master,Harvard University,"kafka, git, php, agile, css, mysql, vue.js, kubernetes, reporting, bootstrap, typescript, jquery, responsive design, react, data cleaning, nodejs, javascript","Name: Maria Jones
Experience: 4 years
Education: Master in Computer Science from Harvard University
Skills: kafka, git, php, agile, css, mysql, vue.js, kubernetes, reporting, bootstrap, typescript, jquery, responsive design, react, data cleaning, nodejs, javascript

Professional Summary:
Experienced Web Developer with 4 years of industry experience.
Proficient in kafka, git, php, agile, css.
Strong background in Master level education from Harvard University.

Work Experience:
4 years working with kafka, git, php, agile, css, mysql, vue.js, kubernetes.
Developed solutions using kafka, git, php, agile.
Collaborated on projects involving php, agile, css, mysql.

Projects:
- Built pipeline using kafka, git, php
- Developed Web Developer solution using git, php, agile
- Implemented automation using kafka, git

Certifications:
- Certified in Kafka — 2022
- Git Professional Certificate — 2023",17
1081,Emma Johnson,ML Engineer,0,Bachelor,MIT,"git, redis, aws, google analytics, airflow, spark, mlops, etl, scikit-learn, model deployment, tensorflow, keras, model monitoring, python, feature store, machine learning, kafka, pytorch, kubernetes, fastapi, docker","Name: Emma Johnson
Experience: 0 years
Education: Bachelor in Computer Science from MIT
Skills: git, redis, aws, google analytics, airflow, spark, mlops, etl, scikit-learn, model deployment, tensorflow, keras, model monitoring, python, feature store, machine learning, kafka, pytorch, kubernetes, fastapi, docker

Professional Summary:
Experienced ML Engineer with 0 years of industry experience.
Proficient in git, redis, aws, google analytics, airflow.
Strong background in Bachelor level education from MIT.

Work Experience:
0 years working with git, redis, aws, google analytics, airflow, spark, mlops, etl.
Developed solutions using git, redis, aws, google analytics.
Collaborated on projects involving aws, google analytics, airflow, spark.

Projects:
- Built pipeline using git, redis, aws
- Developed ML Engineer solution using redis, aws, google analytics
- Implemented automation using git, redis

Certifications:
- Certified in Git — 2022
- Redis Professional Certificate — 2023",21
1082,Carlos Zhang,ML Engineer,3,PhD,Carnegie Mellon University,"spark, git, kubernetes, tableau, fastapi, google analytics, numpy, airflow, scikit-learn, feature store, model deployment, tensorflow, model evaluation, machine learning","Name: Carlos Zhang
Experience: 3 years
Education: PhD in Computer Science from Carnegie Mellon University
Skills: spark, git, kubernetes, tableau, fastapi, google analytics, numpy, airflow, scikit-learn, feature store, model deployment, tensorflow, model evaluation, machine learning

Professional Summary:
Experienced ML Engineer with 3 years of industry experience.
Proficient in spark, git, kubernetes, tableau, fastapi.
Strong background in PhD level education from Carnegie Mellon University.

Work Experience:
3 years working with spark, git, kubernetes, tableau, fastapi, google analytics, numpy, airflow.
Developed solutions using spark, git, kubernetes, tableau.
Collaborated on projects involving kubernetes, tableau, fastapi, google analytics.

Projects:
- Built pipeline using spark, git, kubernetes
- Developed ML Engineer solution using git, kubernetes, tableau
- Implemented automation using spark, git

Certifications:
- Certified in Spark — 2022
- Git Professional Certificate — 2023",14
1083,Ashley Jones,ML Engineer,1,Bachelor,University of Cambridge,"flask, spark, git, redis, fastapi, mysql, mlops, aws, docker, model monitoring, scikit-learn, airflow, python, model deployment, tensorflow, jquery, ci/cd, sql","Name: Ashley Jones
Experience: 1 years
Education: Bachelor in Computer Science from University of Cambridge
Skills: flask, spark, git, redis, fastapi, mysql, mlops, aws, docker, model monitoring, scikit-learn, airflow, python, model deployment, tensorflow, jquery, ci/cd, sql

Professional Summary:
Experienced ML Engineer with 1 years of industry experience.
Proficient in flask, spark, git, redis, fastapi.
Strong background in Bachelor level education from University of Cambridge.

Work Experience:
1 years working with flask, spark, git, redis, fastapi, mysql, mlops, aws.
Developed solutions using flask, spark, git, redis.
Collaborated on projects involving git, redis, fastapi, mysql.

Projects:
- Built pipeline using flask, spark, git
- Developed ML Engineer solution using spark, git, redis
- Implemented automation using flask, spark

Certifications:
- Certified in Flask — 2022
- Spark Professional Certificate — 2023",18
1084,Chen Davis,ML Engineer,3,PhD,MIT,"flask, kafka, pytorch, git, php, networking, kubernetes, mysql, model monitoring, python, ci/cd, machine learning","Name: Chen Davis
Experience: 3 years
Education: PhD in Computer Science from MIT
Skills: flask, kafka, pytorch, git, php, networking, kubernetes, mysql, model monitoring, python, ci/cd, machine learning

Professional Summary:
Experienced ML Engineer with 3 years of industry experience.
Proficient in flask, kafka, pytorch, git, php.
Strong background in PhD level education from MIT.

Work Experience:
3 years working with flask, kafka, pytorch, git, php, networking, kubernetes, mysql.
Developed solutions using flask, kafka, pytorch, git.
Collaborated on projects involving pytorch, git, php, networking.

Projects:
- Built pipeline using flask, kafka, pytorch
- Developed ML Engineer solution using kafka, pytorch, git
- Implemented automation using flask, kafka

Certifications:
- Certified in Flask — 2022
- Kafka Professional Certificate — 2023",12
1085,Ahmed Johnson,ML Engineer,9,Master,IIT Delhi,"git, redis, aws, airflow, grafana, terraform, spark, dashboard, power bi, mlops, scikit-learn, model deployment, ci/cd, python, feature store, machine learning, kafka, kubernetes, fastapi, docker","Name: Ahmed Johnson
Experience: 9 years
Education: Master in Computer Science from IIT Delhi
Skills: git, redis, aws, airflow, grafana, terraform, spark, dashboard, power bi, mlops, scikit-learn, model deployment, ci/cd, python, feature store, machine learning, kafka, kubernetes, fastapi, docker

Professional Summary:
Experienced ML Engineer with 9 years of industry experience.
Proficient in git, redis, aws, airflow, grafana.
Strong background in Master level education from IIT Delhi.

Work Experience:
9 years working with git, redis, aws, airflow, grafana, terraform, spark, dashboard.
Developed solutions using git, redis, aws, airflow.
Collaborated on projects involving aws, airflow, grafana, terraform.

Projects:
- Built pipeline using git, redis, aws
- Developed ML Engineer solution using redis, aws, airflow
- Implemented automation using git, redis

Certifications:
- Certified in Git — 2022
- Redis Professional Certificate — 2023",20
1086,Ahmed Martinez,ML Engineer,0,Bachelor,MIT,"flask, spark, data visualization, business intelligence, git, kubernetes, redis, fastapi, mlops, scikit-learn, model deployment, tensorflow, ci/cd, sql","Name: Ahmed Martinez
Experience: 0 years
Education: Bachelor in Computer Science from MIT
Skills: flask, spark, data visualization, business intelligence, git, kubernetes, redis, fastapi, mlops, scikit-learn, model deployment, tensorflow, ci/cd, sql

Professional Summary:
Experienced ML Engineer with 0 years of industry experience.
Proficient in flask, spark, data visualization, business intelligence, git.
Strong background in Bachelor level education from MIT.

Work Experience:
0 years working with flask, spark, data visualization, business intelligence, git, kubernetes, redis, fastapi.
Developed solutions using flask, spark, data visualization, business intelligence.
Collaborated on projects involving data visualization, business intelligence, git, kubernetes.

Projects:
- Built pipeline using flask, spark, data visualization
- Developed ML Engineer solution using spark, data visualization, business intelligence
- Implemented automation using flask, spark

Certifications:
- Certified in Flask — 2022
- Spark Professional Certificate — 2023",14
1087,Maria Martinez,ML Engineer,8,Diploma,University of Sussex,"git, redis, matplotlib, aws, airflow, flask, spark, scikit-learn, model deployment, tensorflow, ci/cd, r programming, keras, model monitoring, python, feature store, machine learning, kafka, pytorch, business intelligence, kubernetes","Name: Maria Martinez
Experience: 8 years
Education: Diploma in Computer Science from University of Sussex
Skills: git, redis, matplotlib, aws, airflow, flask, spark, scikit-learn, model deployment, tensorflow, ci/cd, r programming, keras, model monitoring, python, feature store, machine learning, kafka, pytorch, business intelligence, kubernetes

Professional Summary:
Experienced ML Engineer with 8 years of industry experience.
Proficient in git, redis, matplotlib, aws, airflow.
Strong background in Diploma level education from University of Sussex.

Work Experience:
8 years working with git, redis, matplotlib, aws, airflow, flask, spark, scikit-learn.
Developed solutions using git, redis, matplotlib, aws.
Collaborated on projects involving matplotlib, aws, airflow, flask.

Projects:
- Built pipeline using git, redis, matplotlib
- Developed ML Engineer solution using redis, matplotlib, aws
- Implemented automation using git, redis

Certifications:
- Certified in Git — 2022
- Redis Professional Certificate — 2023",21
1088,David Davis,ML Engineer,0,Bachelor,University of Oxford,"spark, pytorch, redis, kubernetes, r programming, docker, statistics, scikit-learn, model monitoring, airflow, ci/cd","Name: David Davis
Experience: 0 years
Education: Bachelor in Computer Science from University of Oxford
Skills: spark, pytorch, redis, kubernetes, r programming, docker, statistics, scikit-learn, model monitoring, airflow, ci/cd

Professional Summary:
Experienced ML Engineer with 0 years of industry experience.
Proficient in spark, pytorch, redis, kubernetes, r programming.
Strong background in Bachelor level education from University of Oxford.

Work Experience:
0 years working with spark, pytorch, redis, kubernetes, r programming, docker, statistics, scikit-learn.
Developed solutions using spark, pytorch, redis, kubernetes.
Collaborated on projects involving redis, kubernetes, r programming, docker.

Projects:
- Built pipeline using spark, pytorch, redis
- Developed ML Engineer solution using pytorch, redis, kubernetes
- Implemented automation using spark, pytorch

Certifications:
- Certified in Spark — 2022
- Pytorch Professional Certificate — 2023",11
1089,John Kumar,ML Engineer,10,Diploma,ETH Zurich,"flask, spark, data visualization, git, redis, kubernetes, fastapi, bash, aws, docker, pandas, scikit-learn, airflow, model monitoring, python, feature store, tensorflow, machine learning","Name: John Kumar
Experience: 10 years
Education: Diploma in Computer Science from ETH Zurich
Skills: flask, spark, data visualization, git, redis, kubernetes, fastapi, bash, aws, docker, pandas, scikit-learn, airflow, model monitoring, python, feature store, tensorflow, machine learning

Professional Summary:
Experienced ML Engineer with 10 years of industry experience.
Proficient in flask, spark, data visualization, git, redis.
Strong background in Diploma level education from ETH Zurich.

Work Experience:
10 years working with flask, spark, data visualization, git, redis, kubernetes, fastapi, bash.
Developed solutions using flask, spark, data visualization, git.
Collaborated on projects involving data visualization, git, redis, kubernetes.

Projects:
- Built pipeline using flask, spark, data visualization
- Developed ML Engineer solution using spark, data visualization, git
- Implemented automation using flask, spark

Certifications:
- Certified in Flask — 2022
- Spark Professional Certificate — 2023",18
1090,Daniel Rodriguez,ML Engineer,5,Diploma,IIT Delhi,"redis, airflow, flask, spark, terraform, helm, mlops, model deployment, tensorflow, ci/cd, jupyter, model monitoring, python, feature store, machine learning, pytorch, kubernetes, fastapi, docker, numpy","Name: Daniel Rodriguez
Experience: 5 years
Education: Diploma in Computer Science from IIT Delhi
Skills: redis, airflow, flask, spark, terraform, helm, mlops, model deployment, tensorflow, ci/cd, jupyter, model monitoring, python, feature store, machine learning, pytorch, kubernetes, fastapi, docker, numpy

Professional Summary:
Experienced ML Engineer with 5 years of industry experience.
Proficient in redis, airflow, flask, spark, terraform.
Strong background in Diploma level education from IIT Delhi.

Work Experience:
5 years working with redis, airflow, flask, spark, terraform, helm, mlops, model deployment.
Developed solutions using redis, airflow, flask, spark.
Collaborated on projects involving flask, spark, terraform, helm.

Projects:
- Built pipeline using redis, airflow, flask
- Developed ML Engineer solution using airflow, flask, spark
- Implemented automation using redis, airflow

Certifications:
- Certified in Redis — 2022
- Airflow Professional Certificate — 2023",20
1091,Matthew Jones,ML Engineer,1,Master,University of Oxford,"kafka, pytorch, fastapi, docker, aws, keras, airflow, tensorflow, ci/cd, jupyter, machine learning","Name: Matthew Jones
Experience: 1 years
Education: Master in Computer Science from University of Oxford
Skills: kafka, pytorch, fastapi, docker, aws, keras, airflow, tensorflow, ci/cd, jupyter, machine learning

Professional Summary:
Experienced ML Engineer with 1 years of industry experience.
Proficient in kafka, pytorch, fastapi, docker, aws.
Strong background in Master level education from University of Oxford.

Work Experience:
1 years working with kafka, pytorch, fastapi, docker, aws, keras, airflow, tensorflow.
Developed solutions using kafka, pytorch, fastapi, docker.
Collaborated on projects involving fastapi, docker, aws, keras.

Projects:
- Built pipeline using kafka, pytorch, fastapi
- Developed ML Engineer solution using pytorch, fastapi, docker
- Implemented automation using kafka, pytorch

Certifications:
- Certified in Kafka — 2022
- Pytorch Professional Certificate — 2023",11
1092,Fatima Rodriguez,ML Engineer,7,Master,Georgia Tech,"spark, pytorch, git, css, fastapi, mlops, matplotlib, aws, keras, airflow, model monitoring, python, model deployment, responsive design, ci/cd, machine learning","Name: Fatima Rodriguez
Experience: 7 years
Education: Master in Computer Science from Georgia Tech
Skills: spark, pytorch, git, css, fastapi, mlops, matplotlib, aws, keras, airflow, model monitoring, python, model deployment, responsive design, ci/cd, machine learning

Professional Summary:
Experienced ML Engineer with 7 years of industry experience.
Proficient in spark, pytorch, git, css, fastapi.
Strong background in Master level education from Georgia Tech.

Work Experience:
7 years working with spark, pytorch, git, css, fastapi, mlops, matplotlib, aws.
Developed solutions using spark, pytorch, git, css.
Collaborated on projects involving git, css, fastapi, mlops.

Projects:
- Built pipeline using spark, pytorch, git
- Developed ML Engineer solution using pytorch, git, css
- Implemented automation using spark, pytorch

Certifications:
- Certified in Spark — 2022
- Pytorch Professional Certificate — 2023",16
1093,James Taylor,ML Engineer,9,Bachelor,Columbia University,"flask, kafka, agile, redis, kubernetes, fastapi, mlops, aws, docker, scikit-learn, typescript, model deployment, tensorflow, ci/cd, data cleaning, sql, machine learning","Name: James Taylor
Experience: 9 years
Education: Bachelor in Computer Science from Columbia University
Skills: flask, kafka, agile, redis, kubernetes, fastapi, mlops, aws, docker, scikit-learn, typescript, model deployment, tensorflow, ci/cd, data cleaning, sql, machine learning

Professional Summary:
Experienced ML Engineer with 9 years of industry experience.
Proficient in flask, kafka, agile, redis, kubernetes.
Strong background in Bachelor level education from Columbia University.

Work Experience:
9 years working with flask, kafka, agile, redis, kubernetes, fastapi, mlops, aws.
Developed solutions using flask, kafka, agile, redis.
Collaborated on projects involving agile, redis, kubernetes, fastapi.

Projects:
- Built pipeline using flask, kafka, agile
- Developed ML Engineer solution using kafka, agile, redis
- Implemented automation using flask, kafka

Certifications:
- Certified in Flask — 2022
- Kafka Professional Certificate — 2023",17
1094,Rahul Taylor,ML Engineer,9,Master,Harvard University,"git, redis, aws, airflow, flask, spark, mlops, monitoring, webpack, tensorflow, ci/cd, model monitoring, python, feature store, machine learning, kafka, pytorch, fastapi, bash, sass, docker","Name: Rahul Taylor
Experience: 9 years
Education: Master in Computer Science from Harvard University
Skills: git, redis, aws, airflow, flask, spark, mlops, monitoring, webpack, tensorflow, ci/cd, model monitoring, python, feature store, machine learning, kafka, pytorch, fastapi, bash, sass, docker

Professional Summary:
Experienced ML Engineer with 9 years of industry experience.
Proficient in git, redis, aws, airflow, flask.
Strong background in Master level education from Harvard University.

Work Experience:
9 years working with git, redis, aws, airflow, flask, spark, mlops, monitoring.
Developed solutions using git, redis, aws, airflow.
Collaborated on projects involving aws, airflow, flask, spark.

Projects:
- Built pipeline using git, redis, aws
- Developed ML Engineer solution using redis, aws, airflow
- Implemented automation using git, redis

Certifications:
- Certified in Git — 2022
- Redis Professional Certificate — 2023",21
1095,James Wilson,ML Engineer,10,PhD,University of Sussex,"spark, pytorch, git, kubernetes, docker, pandas, scikit-learn, airflow, model deployment, tensorflow, ci/cd, nodejs, machine learning","Name: James Wilson
Experience: 10 years
Education: PhD in Computer Science from University of Sussex
Skills: spark, pytorch, git, kubernetes, docker, pandas, scikit-learn, airflow, model deployment, tensorflow, ci/cd, nodejs, machine learning

Professional Summary:
Experienced ML Engineer with 10 years of industry experience.
Proficient in spark, pytorch, git, kubernetes, docker.
Strong background in PhD level education from University of Sussex.

Work Experience:
10 years working with spark, pytorch, git, kubernetes, docker, pandas, scikit-learn, airflow.
Developed solutions using spark, pytorch, git, kubernetes.
Collaborated on projects involving git, kubernetes, docker, pandas.

Projects:
- Built pipeline using spark, pytorch, git
- Developed ML Engineer solution using pytorch, git, kubernetes
- Implemented automation using spark, pytorch

Certifications:
- Certified in Spark — 2022
- Pytorch Professional Certificate — 2023",13
1096,Carlos Jones,ML Engineer,7,PhD,NUS Singapore,"git, redis, vue.js, aws, statistics, flask, spark, mlops, scikit-learn, model deployment, tensorflow, jquery, ci/cd, model monitoring, python, feature store, machine learning, kafka, pytorch, kubernetes, fastapi, docker, model evaluation","Name: Carlos Jones
Experience: 7 years
Education: PhD in Computer Science from NUS Singapore
Skills: git, redis, vue.js, aws, statistics, flask, spark, mlops, scikit-learn, model deployment, tensorflow, jquery, ci/cd, model monitoring, python, feature store, machine learning, kafka, pytorch, kubernetes, fastapi, docker, model evaluation

Professional Summary:
Experienced ML Engineer with 7 years of industry experience.
Proficient in git, redis, vue.js, aws, statistics.
Strong background in PhD level education from NUS Singapore.

Work Experience:
7 years working with git, redis, vue.js, aws, statistics, flask, spark, mlops.
Developed solutions using git, redis, vue.js, aws.
Collaborated on projects involving vue.js, aws, statistics, flask.

Projects:
- Built pipeline using git, redis, vue.js
- Developed ML Engineer solution using redis, vue.js, aws
- Implemented automation using git, redis

Certifications:
- Certified in Git — 2022
- Redis Professional Certificate — 2023",23
1097,Daniel Thomas,ML Engineer,7,Bachelor,Columbia University,"git, redis, aws, airflow, helm, mlops, scikit-learn, model deployment, ci/cd, nlp, model monitoring, python, feature store, machine learning, kafka, pytorch, kubernetes, fastapi, feature engineering","Name: Daniel Thomas
Experience: 7 years
Education: Bachelor in Computer Science from Columbia University
Skills: git, redis, aws, airflow, helm, mlops, scikit-learn, model deployment, ci/cd, nlp, model monitoring, python, feature store, machine learning, kafka, pytorch, kubernetes, fastapi, feature engineering

Professional Summary:
Experienced ML Engineer with 7 years of industry experience.
Proficient in git, redis, aws, airflow, helm.
Strong background in Bachelor level education from Columbia University.

Work Experience:
7 years working with git, redis, aws, airflow, helm, mlops, scikit-learn, model deployment.
Developed solutions using git, redis, aws, airflow.
Collaborated on projects involving aws, airflow, helm, mlops.

Projects:
- Built pipeline using git, redis, aws
- Developed ML Engineer solution using redis, aws, airflow
- Implemented automation using git, redis

Certifications:
- Certified in Git — 2022
- Redis Professional Certificate — 2023",19
1098,Sarah Williams,ML Engineer,7,Bachelor,University of Cambridge,"flask, pytorch, git, kubernetes, redis, mysql, power bi, mlops, aws, pandas, model monitoring, airflow, python, feature store, model deployment, tensorflow, jquery, machine learning","Name: Sarah Williams
Experience: 7 years
Education: Bachelor in Computer Science from University of Cambridge
Skills: flask, pytorch, git, kubernetes, redis, mysql, power bi, mlops, aws, pandas, model monitoring, airflow, python, feature store, model deployment, tensorflow, jquery, machine learning

Professional Summary:
Experienced ML Engineer with 7 years of industry experience.
Proficient in flask, pytorch, git, kubernetes, redis.
Strong background in Bachelor level education from University of Cambridge.

Work Experience:
7 years working with flask, pytorch, git, kubernetes, redis, mysql, power bi, mlops.
Developed solutions using flask, pytorch, git, kubernetes.
Collaborated on projects involving git, kubernetes, redis, mysql.

Projects:
- Built pipeline using flask, pytorch, git
- Developed ML Engineer solution using pytorch, git, kubernetes
- Implemented automation using flask, pytorch

Certifications:
- Certified in Flask — 2022
- Pytorch Professional Certificate — 2023",18
1099,James Smith,ML Engineer,4,Diploma,University of Manchester,"git, redis, aws, airflow, flask, spark, mlops, scikit-learn, gcp, tensorflow, ci/cd, r programming, model monitoring, python, feature store, machine learning, kafka, pytorch, kubernetes, fastapi, docker","Name: James Smith
Experience: 4 years
Education: Diploma in Computer Science from University of Manchester
Skills: git, redis, aws, airflow, flask, spark, mlops, scikit-learn, gcp, tensorflow, ci/cd, r programming, model monitoring, python, feature store, machine learning, kafka, pytorch, kubernetes, fastapi, docker

Professional Summary:
Experienced ML Engineer with 4 years of industry experience.
Proficient in git, redis, aws, airflow, flask.
Strong background in Diploma level education from University of Manchester.

Work Experience:
4 years working with git, redis, aws, airflow, flask, spark, mlops, scikit-learn.
Developed solutions using git, redis, aws, airflow.
Collaborated on projects involving aws, airflow, flask, spark.

Projects:
- Built pipeline using git, redis, aws
- Developed ML Engineer solution using redis, aws, airflow
- Implemented automation using git, redis

Certifications:
- Certified in Git — 2022
- Redis Professional Certificate — 2023",21
1100,Ashley Johnson,ML Engineer,6,Diploma,University of Oxford,"redis, airflow, flask, spark, helm, mlops, scikit-learn, typescript, tensorflow, ci/cd, model monitoring, feature store, machine learning, kafka, pytorch, kubernetes, fastapi, docker, responsive design","Name: Ashley Johnson
Experience: 6 years
Education: Diploma in Computer Science from University of Oxford
Skills: redis, airflow, flask, spark, helm, mlops, scikit-learn, typescript, tensorflow, ci/cd, model monitoring, feature store, machine learning, kafka, pytorch, kubernetes, fastapi, docker, responsive design

Professional Summary:
Experienced ML Engineer with 6 years of industry experience.
Proficient in redis, airflow, flask, spark, helm.
Strong background in Diploma level education from University of Oxford.

Work Experience:
6 years working with redis, airflow, flask, spark, helm, mlops, scikit-learn, typescript.
Developed solutions using redis, airflow, flask, spark.
Collaborated on projects involving flask, spark, helm, mlops.

Projects:
- Built pipeline using redis, airflow, flask
- Developed ML Engineer solution using airflow, flask, spark
- Implemented automation using redis, airflow

Certifications:
- Certified in Redis — 2022
- Airflow Professional Certificate — 2023",19
1101,Emma Garcia,ML Engineer,10,Diploma,ETH Zurich,"helm, spark, kafka, pytorch, git, kubernetes, redis, fastapi, power bi, mlops, aws, google analytics, airflow, model monitoring, scikit-learn, feature store, ci/cd, machine learning","Name: Emma Garcia
Experience: 10 years
Education: Diploma in Computer Science from ETH Zurich
Skills: helm, spark, kafka, pytorch, git, kubernetes, redis, fastapi, power bi, mlops, aws, google analytics, airflow, model monitoring, scikit-learn, feature store, ci/cd, machine learning

Professional Summary:
Experienced ML Engineer with 10 years of industry experience.
Proficient in helm, spark, kafka, pytorch, git.
Strong background in Diploma level education from ETH Zurich.

Work Experience:
10 years working with helm, spark, kafka, pytorch, git, kubernetes, redis, fastapi.
Developed solutions using helm, spark, kafka, pytorch.
Collaborated on projects involving kafka, pytorch, git, kubernetes.

Projects:
- Built pipeline using helm, spark, kafka
- Developed ML Engineer solution using spark, kafka, pytorch
- Implemented automation using helm, spark

Certifications:
- Certified in Helm — 2022
- Spark Professional Certificate — 2023",18
1102,Fatima Ali,ML Engineer,8,Master,NUS Singapore,"spark, pytorch, git, mlops, excel, docker, scikit-learn, model monitoring, python, model deployment, tensorflow, mongodb, javascript, machine learning","Name: Fatima Ali
Experience: 8 years
Education: Master in Computer Science from NUS Singapore
Skills: spark, pytorch, git, mlops, excel, docker, scikit-learn, model monitoring, python, model deployment, tensorflow, mongodb, javascript, machine learning

Professional Summary:
Experienced ML Engineer with 8 years of industry experience.
Proficient in spark, pytorch, git, mlops, excel.
Strong background in Master level education from NUS Singapore.

Work Experience:
8 years working with spark, pytorch, git, mlops, excel, docker, scikit-learn, model monitoring.
Developed solutions using spark, pytorch, git, mlops.
Collaborated on projects involving git, mlops, excel, docker.

Projects:
- Built pipeline using spark, pytorch, git
- Developed ML Engineer solution using pytorch, git, mlops
- Implemented automation using spark, pytorch

Certifications:
- Certified in Spark — 2022
- Pytorch Professional Certificate — 2023",14
1103,Emma Anderson,ML Engineer,3,Diploma,University of Oxford,"flask, spark, pytorch, git, business intelligence, redis, graphql, fastapi, php, docker, aws, google analytics, airflow, python, scikit-learn, feature store, ci/cd","Name: Emma Anderson
Experience: 3 years
Education: Diploma in Computer Science from University of Oxford
Skills: flask, spark, pytorch, git, business intelligence, redis, graphql, fastapi, php, docker, aws, google analytics, airflow, python, scikit-learn, feature store, ci/cd

Professional Summary:
Experienced ML Engineer with 3 years of industry experience.
Proficient in flask, spark, pytorch, git, business intelligence.
Strong background in Diploma level education from University of Oxford.

Work Experience:
3 years working with flask, spark, pytorch, git, business intelligence, redis, graphql, fastapi.
Developed solutions using flask, spark, pytorch, git.
Collaborated on projects involving pytorch, git, business intelligence, redis.

Projects:
- Built pipeline using flask, spark, pytorch
- Developed ML Engineer solution using spark, pytorch, git
- Implemented automation using flask, spark

Certifications:
- Certified in Flask — 2022
- Spark Professional Certificate — 2023",17
1104,Amanda Wilson,ML Engineer,5,Diploma,University of Toronto,"flask, spark, kafka, pytorch, git, graphql, redis, r programming, docker, airflow, python, typescript, ci/cd","Name: Amanda Wilson
Experience: 5 years
Education: Diploma in Computer Science from University of Toronto
Skills: flask, spark, kafka, pytorch, git, graphql, redis, r programming, docker, airflow, python, typescript, ci/cd

Professional Summary:
Experienced ML Engineer with 5 years of industry experience.
Proficient in flask, spark, kafka, pytorch, git.
Strong background in Diploma level education from University of Toronto.

Work Experience:
5 years working with flask, spark, kafka, pytorch, git, graphql, redis, r programming.
Developed solutions using flask, spark, kafka, pytorch.
Collaborated on projects involving kafka, pytorch, git, graphql.

Projects:
- Built pipeline using flask, spark, kafka
- Developed ML Engineer solution using spark, kafka, pytorch
- Implemented automation using flask, spark

Certifications:
- Certified in Flask — 2022
- Spark Professional Certificate — 2023",13
1105,Fatima Taylor,ML Engineer,2,Master,IIT Delhi,"flask, spark, kafka, networking, git, kubernetes, redis, fastapi, jenkins, aws, airflow, model monitoring, feature store, tensorflow, jupyter","Name: Fatima Taylor
Experience: 2 years
Education: Master in Computer Science from IIT Delhi
Skills: flask, spark, kafka, networking, git, kubernetes, redis, fastapi, jenkins, aws, airflow, model monitoring, feature store, tensorflow, jupyter

Professional Summary:
Experienced ML Engineer with 2 years of industry experience.
Proficient in flask, spark, kafka, networking, git.
Strong background in Master level education from IIT Delhi.

Work Experience:
2 years working with flask, spark, kafka, networking, git, kubernetes, redis, fastapi.
Developed solutions using flask, spark, kafka, networking.
Collaborated on projects involving kafka, networking, git, kubernetes.

Projects:
- Built pipeline using flask, spark, kafka
- Developed ML Engineer solution using spark, kafka, networking
- Implemented automation using flask, spark

Certifications:
- Certified in Flask — 2022
- Spark Professional Certificate — 2023",15
1106,Carlos Garcia,ML Engineer,8,Bachelor,ETH Zurich,"spark, kubernetes, fastapi, r programming, mlops, docker, statistics, model monitoring, python, tensorflow, machine learning","Name: Carlos Garcia
Experience: 8 years
Education: Bachelor in Computer Science from ETH Zurich
Skills: spark, kubernetes, fastapi, r programming, mlops, docker, statistics, model monitoring, python, tensorflow, machine learning

Professional Summary:
Experienced ML Engineer with 8 years of industry experience.
Proficient in spark, kubernetes, fastapi, r programming, mlops.
Strong background in Bachelor level education from ETH Zurich.

Work Experience:
8 years working with spark, kubernetes, fastapi, r programming, mlops, docker, statistics, model monitoring.
Developed solutions using spark, kubernetes, fastapi, r programming.
Collaborated on projects involving fastapi, r programming, mlops, docker.

Projects:
- Built pipeline using spark, kubernetes, fastapi
- Developed ML Engineer solution using kubernetes, fastapi, r programming
- Implemented automation using spark, kubernetes

Certifications:
- Certified in Spark — 2022
- Kubernetes Professional Certificate — 2023",11
1107,Chen Patel,ML Engineer,0,Diploma,University of Manchester,"git, redis, aws, airflow, flask, terraform, scikit-learn, seaborn, model deployment, tensorflow, model monitoring, python, feature store, machine learning, kafka, pytorch, kubernetes, fastapi, ansible","Name: Chen Patel
Experience: 0 years
Education: Diploma in Computer Science from University of Manchester
Skills: git, redis, aws, airflow, flask, terraform, scikit-learn, seaborn, model deployment, tensorflow, model monitoring, python, feature store, machine learning, kafka, pytorch, kubernetes, fastapi, ansible

Professional Summary:
Experienced ML Engineer with 0 years of industry experience.
Proficient in git, redis, aws, airflow, flask.
Strong background in Diploma level education from University of Manchester.

Work Experience:
0 years working with git, redis, aws, airflow, flask, terraform, scikit-learn, seaborn.
Developed solutions using git, redis, aws, airflow.
Collaborated on projects involving aws, airflow, flask, terraform.

Projects:
- Built pipeline using git, redis, aws
- Developed ML Engineer solution using redis, aws, airflow
- Implemented automation using git, redis

Certifications:
- Certified in Git — 2022
- Redis Professional Certificate — 2023",19
1108,Syed Martinez,ML Engineer,4,PhD,University of Cambridge,"git, redis, aws, airflow, flask, spark, mlops, scikit-learn, webpack, model deployment, tensorflow, ci/cd, model monitoring, python, feature store, sql, machine learning, kafka, pytorch, kubernetes, fastapi, docker, feature engineering, react","Name: Syed Martinez
Experience: 4 years
Education: PhD in Computer Science from University of Cambridge
Skills: git, redis, aws, airflow, flask, spark, mlops, scikit-learn, webpack, model deployment, tensorflow, ci/cd, model monitoring, python, feature store, sql, machine learning, kafka, pytorch, kubernetes, fastapi, docker, feature engineering, react

Professional Summary:
Experienced ML Engineer with 4 years of industry experience.
Proficient in git, redis, aws, airflow, flask.
Strong background in PhD level education from University of Cambridge.

Work Experience:
4 years working with git, redis, aws, airflow, flask, spark, mlops, scikit-learn.
Developed solutions using git, redis, aws, airflow.
Collaborated on projects involving aws, airflow, flask, spark.

Projects:
- Built pipeline using git, redis, aws
- Developed ML Engineer solution using redis, aws, airflow
- Implemented automation using git, redis

Certifications:
- Certified in Git — 2022
- Redis Professional Certificate — 2023",24
1109,Maria Johnson,ML Engineer,3,Master,Columbia University,"git, redis, aws, airflow, flask, spark, mlops, scikit-learn, webpack, model deployment, tensorflow, ci/cd, keras, model monitoring, python, feature store, machine learning, kafka, kubernetes, fastapi, docker","Name: Maria Johnson
Experience: 3 years
Education: Master in Computer Science from Columbia University
Skills: git, redis, aws, airflow, flask, spark, mlops, scikit-learn, webpack, model deployment, tensorflow, ci/cd, keras, model monitoring, python, feature store, machine learning, kafka, kubernetes, fastapi, docker

Professional Summary:
Experienced ML Engineer with 3 years of industry experience.
Proficient in git, redis, aws, airflow, flask.
Strong background in Master level education from Columbia University.

Work Experience:
3 years working with git, redis, aws, airflow, flask, spark, mlops, scikit-learn.
Developed solutions using git, redis, aws, airflow.
Collaborated on projects involving aws, airflow, flask, spark.

Projects:
- Built pipeline using git, redis, aws
- Developed ML Engineer solution using redis, aws, airflow
- Implemented automation using git, redis

Certifications:
- Certified in Git — 2022
- Redis Professional Certificate — 2023",21
1110,Ahmed Anderson,ML Engineer,5,Diploma,Georgia Tech,"redis, aws, airflow, nginx, flask, spark, mlops, etl, scikit-learn, model deployment, tensorflow, ci/cd, model monitoring, python, feature store, machine learning, kafka, pytorch, business intelligence, kubernetes, jenkins, fastapi, docker","Name: Ahmed Anderson
Experience: 5 years
Education: Diploma in Computer Science from Georgia Tech
Skills: redis, aws, airflow, nginx, flask, spark, mlops, etl, scikit-learn, model deployment, tensorflow, ci/cd, model monitoring, python, feature store, machine learning, kafka, pytorch, business intelligence, kubernetes, jenkins, fastapi, docker

Professional Summary:
Experienced ML Engineer with 5 years of industry experience.
Proficient in redis, aws, airflow, nginx, flask.
Strong background in Diploma level education from Georgia Tech.

Work Experience:
5 years working with redis, aws, airflow, nginx, flask, spark, mlops, etl.
Developed solutions using redis, aws, airflow, nginx.
Collaborated on projects involving airflow, nginx, flask, spark.

Projects:
- Built pipeline using redis, aws, airflow
- Developed ML Engineer solution using aws, airflow, nginx
- Implemented automation using redis, aws

Certifications:
- Certified in Redis — 2022
- Aws Professional Certificate — 2023",23
1111,Ahmed Williams,ML Engineer,12,PhD,Georgia Tech,"flask, spark, kafka, pytorch, git, data visualization, kubernetes, mlops, airflow, python, feature store, model deployment, tensorflow, model evaluation, sql","Name: Ahmed Williams
Experience: 12 years
Education: PhD in Computer Science from Georgia Tech
Skills: flask, spark, kafka, pytorch, git, data visualization, kubernetes, mlops, airflow, python, feature store, model deployment, tensorflow, model evaluation, sql

Professional Summary:
Experienced ML Engineer with 12 years of industry experience.
Proficient in flask, spark, kafka, pytorch, git.
Strong background in PhD level education from Georgia Tech.

Work Experience:
12 years working with flask, spark, kafka, pytorch, git, data visualization, kubernetes, mlops.
Developed solutions using flask, spark, kafka, pytorch.
Collaborated on projects involving kafka, pytorch, git, data visualization.

Projects:
- Built pipeline using flask, spark, kafka
- Developed ML Engineer solution using spark, kafka, pytorch
- Implemented automation using flask, spark

Certifications:
- Certified in Flask — 2022
- Spark Professional Certificate — 2023",15
1112,Priya Wilson,ML Engineer,1,Master,Stanford University,"kafka, git, business intelligence, redis, fastapi, r programming, model monitoring, scikit-learn, python, model deployment, tensorflow, sql, machine learning","Name: Priya Wilson
Experience: 1 years
Education: Master in Computer Science from Stanford University
Skills: kafka, git, business intelligence, redis, fastapi, r programming, model monitoring, scikit-learn, python, model deployment, tensorflow, sql, machine learning

Professional Summary:
Experienced ML Engineer with 1 years of industry experience.
Proficient in kafka, git, business intelligence, redis, fastapi.
Strong background in Master level education from Stanford University.

Work Experience:
1 years working with kafka, git, business intelligence, redis, fastapi, r programming, model monitoring, scikit-learn.
Developed solutions using kafka, git, business intelligence, redis.
Collaborated on projects involving business intelligence, redis, fastapi, r programming.

Projects:
- Built pipeline using kafka, git, business intelligence
- Developed ML Engineer solution using git, business intelligence, redis
- Implemented automation using kafka, git

Certifications:
- Certified in Kafka — 2022
- Git Professional Certificate — 2023",13
1113,Amanda Ali,ML Engineer,6,Bachelor,University of Sussex,"git, aws, airflow, flask, php, mlops, scikit-learn, typescript, model deployment, tensorflow, ci/cd, model monitoring, feature store, machine learning, kafka, kubernetes, prometheus, fastapi, docker","Name: Amanda Ali
Experience: 6 years
Education: Bachelor in Computer Science from University of Sussex
Skills: git, aws, airflow, flask, php, mlops, scikit-learn, typescript, model deployment, tensorflow, ci/cd, model monitoring, feature store, machine learning, kafka, kubernetes, prometheus, fastapi, docker

Professional Summary:
Experienced ML Engineer with 6 years of industry experience.
Proficient in git, aws, airflow, flask, php.
Strong background in Bachelor level education from University of Sussex.

Work Experience:
6 years working with git, aws, airflow, flask, php, mlops, scikit-learn, typescript.
Developed solutions using git, aws, airflow, flask.
Collaborated on projects involving airflow, flask, php, mlops.

Projects:
- Built pipeline using git, aws, airflow
- Developed ML Engineer solution using aws, airflow, flask
- Implemented automation using git, aws

Certifications:
- Certified in Git — 2022
- Aws Professional Certificate — 2023",19
1114,Ashley Rodriguez,ML Engineer,9,Master,University of Toronto,"spark, kafka, pytorch, kubernetes, vue.js, model monitoring, python, azure, feature store, tensorflow, responsive design, ci/cd","Name: Ashley Rodriguez
Experience: 9 years
Education: Master in Computer Science from University of Toronto
Skills: spark, kafka, pytorch, kubernetes, vue.js, model monitoring, python, azure, feature store, tensorflow, responsive design, ci/cd

Professional Summary:
Experienced ML Engineer with 9 years of industry experience.
Proficient in spark, kafka, pytorch, kubernetes, vue.js.
Strong background in Master level education from University of Toronto.

Work Experience:
9 years working with spark, kafka, pytorch, kubernetes, vue.js, model monitoring, python, azure.
Developed solutions using spark, kafka, pytorch, kubernetes.
Collaborated on projects involving pytorch, kubernetes, vue.js, model monitoring.

Projects:
- Built pipeline using spark, kafka, pytorch
- Developed ML Engineer solution using kafka, pytorch, kubernetes
- Implemented automation using spark, kafka

Certifications:
- Certified in Spark — 2022
- Kafka Professional Certificate — 2023",12
1115,Syed Miller,ML Engineer,7,PhD,Harvard University,"flask, spark, pytorch, git, data visualization, kubernetes, redis, mlops, aws, docker, google analytics, scikit-learn, feature store, model evaluation, tensorflow, ci/cd, machine learning","Name: Syed Miller
Experience: 7 years
Education: PhD in Computer Science from Harvard University
Skills: flask, spark, pytorch, git, data visualization, kubernetes, redis, mlops, aws, docker, google analytics, scikit-learn, feature store, model evaluation, tensorflow, ci/cd, machine learning

Professional Summary:
Experienced ML Engineer with 7 years of industry experience.
Proficient in flask, spark, pytorch, git, data visualization.
Strong background in PhD level education from Harvard University.

Work Experience:
7 years working with flask, spark, pytorch, git, data visualization, kubernetes, redis, mlops.
Developed solutions using flask, spark, pytorch, git.
Collaborated on projects involving pytorch, git, data visualization, kubernetes.

Projects:
- Built pipeline using flask, spark, pytorch
- Developed ML Engineer solution using spark, pytorch, git
- Implemented automation using flask, spark

Certifications:
- Certified in Flask — 2022
- Spark Professional Certificate — 2023",17
1116,Michael Ali,ML Engineer,10,Diploma,Harvard University,"git, redis, aws, airflow, restful api, flask, php, mlops, model deployment, tensorflow, ci/cd, excel, model monitoring, python, feature store, machine learning, kafka, pytorch, kubernetes, fastapi, docker","Name: Michael Ali
Experience: 10 years
Education: Diploma in Computer Science from Harvard University
Skills: git, redis, aws, airflow, restful api, flask, php, mlops, model deployment, tensorflow, ci/cd, excel, model monitoring, python, feature store, machine learning, kafka, pytorch, kubernetes, fastapi, docker

Professional Summary:
Experienced ML Engineer with 10 years of industry experience.
Proficient in git, redis, aws, airflow, restful api.
Strong background in Diploma level education from Harvard University.

Work Experience:
10 years working with git, redis, aws, airflow, restful api, flask, php, mlops.
Developed solutions using git, redis, aws, airflow.
Collaborated on projects involving aws, airflow, restful api, flask.

Projects:
- Built pipeline using git, redis, aws
- Developed ML Engineer solution using redis, aws, airflow
- Implemented automation using git, redis

Certifications:
- Certified in Git — 2022
- Redis Professional Certificate — 2023",21
1117,Emma Hassan,ML Engineer,12,PhD,Georgia Tech,"flask, spark, git, php, redis, fastapi, mlops, docker, aws, airflow, python, scikit-learn, grafana, feature store, model deployment, nginx, ci/cd, nodejs","Name: Emma Hassan
Experience: 12 years
Education: PhD in Computer Science from Georgia Tech
Skills: flask, spark, git, php, redis, fastapi, mlops, docker, aws, airflow, python, scikit-learn, grafana, feature store, model deployment, nginx, ci/cd, nodejs

Professional Summary:
Experienced ML Engineer with 12 years of industry experience.
Proficient in flask, spark, git, php, redis.
Strong background in PhD level education from Georgia Tech.

Work Experience:
12 years working with flask, spark, git, php, redis, fastapi, mlops, docker.
Developed solutions using flask, spark, git, php.
Collaborated on projects involving git, php, redis, fastapi.

Projects:
- Built pipeline using flask, spark, git
- Developed ML Engineer solution using spark, git, php
- Implemented automation using flask, spark

Certifications:
- Certified in Flask — 2022
- Spark Professional Certificate — 2023",18
1118,James Rodriguez,ML Engineer,1,PhD,NUS Singapore,"spark, git, agile, kubernetes, prometheus, sass, docker, aws, airflow, feature store, model deployment, linux, ci/cd","Name: James Rodriguez
Experience: 1 years
Education: PhD in Computer Science from NUS Singapore
Skills: spark, git, agile, kubernetes, prometheus, sass, docker, aws, airflow, feature store, model deployment, linux, ci/cd

Professional Summary:
Experienced ML Engineer with 1 years of industry experience.
Proficient in spark, git, agile, kubernetes, prometheus.
Strong background in PhD level education from NUS Singapore.

Work Experience:
1 years working with spark, git, agile, kubernetes, prometheus, sass, docker, aws.
Developed solutions using spark, git, agile, kubernetes.
Collaborated on projects involving agile, kubernetes, prometheus, sass.

Projects:
- Built pipeline using spark, git, agile
- Developed ML Engineer solution using git, agile, kubernetes
- Implemented automation using spark, git

Certifications:
- Certified in Spark — 2022
- Git Professional Certificate — 2023",13
1119,Rahul Williams,ML Engineer,4,Bachelor,Georgia Tech,"git, redis, mysql, aws, statistics, airflow, flask, spark, mlops, scikit-learn, model deployment, tensorflow, model monitoring, python, feature store, sql, machine learning, kafka, pytorch, kubernetes, fastapi, docker","Name: Rahul Williams
Experience: 4 years
Education: Bachelor in Computer Science from Georgia Tech
Skills: git, redis, mysql, aws, statistics, airflow, flask, spark, mlops, scikit-learn, model deployment, tensorflow, model monitoring, python, feature store, sql, machine learning, kafka, pytorch, kubernetes, fastapi, docker

Professional Summary:
Experienced ML Engineer with 4 years of industry experience.
Proficient in git, redis, mysql, aws, statistics.
Strong background in Bachelor level education from Georgia Tech.

Work Experience:
4 years working with git, redis, mysql, aws, statistics, airflow, flask, spark.
Developed solutions using git, redis, mysql, aws.
Collaborated on projects involving mysql, aws, statistics, airflow.

Projects:
- Built pipeline using git, redis, mysql
- Developed ML Engineer solution using redis, mysql, aws
- Implemented automation using git, redis

Certifications:
- Certified in Git — 2022
- Redis Professional Certificate — 2023",22
1120,Chen Thomas,ML Engineer,6,Diploma,MIT,"networking, git, redis, aws, google analytics, airflow, linux, flask, spark, dashboard, mlops, scikit-learn, model deployment, tensorflow, ci/cd, model monitoring, python, feature store, machine learning, pytorch, kubernetes, fastapi, docker","Name: Chen Thomas
Experience: 6 years
Education: Diploma in Computer Science from MIT
Skills: networking, git, redis, aws, google analytics, airflow, linux, flask, spark, dashboard, mlops, scikit-learn, model deployment, tensorflow, ci/cd, model monitoring, python, feature store, machine learning, pytorch, kubernetes, fastapi, docker

Professional Summary:
Experienced ML Engineer with 6 years of industry experience.
Proficient in networking, git, redis, aws, google analytics.
Strong background in Diploma level education from MIT.

Work Experience:
6 years working with networking, git, redis, aws, google analytics, airflow, linux, flask.
Developed solutions using networking, git, redis, aws.
Collaborated on projects involving redis, aws, google analytics, airflow.

Projects:
- Built pipeline using networking, git, redis
- Developed ML Engineer solution using git, redis, aws
- Implemented automation using networking, git

Certifications:
- Certified in Networking — 2022
- Git Professional Certificate — 2023",23
1121,Syed Garcia,Data Analyst,10,PhD,Columbia University,"git, statistics, google analytics, helm, pivot tables, dashboard, tableau, power bi, etl, jupyter, vlookup, reporting, excel, keras, python, data cleaning, looker, business intelligence, prometheus, numpy, pandas","Name: Syed Garcia
Experience: 10 years
Education: PhD in Computer Science from Columbia University
Skills: git, statistics, google analytics, helm, pivot tables, dashboard, tableau, power bi, etl, jupyter, vlookup, reporting, excel, keras, python, data cleaning, looker, business intelligence, prometheus, numpy, pandas

Professional Summary:
Experienced Data Analyst with 10 years of industry experience.
Proficient in git, statistics, google analytics, helm, pivot tables.
Strong background in PhD level education from Columbia University.

Work Experience:
10 years working with git, statistics, google analytics, helm, pivot tables, dashboard, tableau, power bi.
Developed solutions using git, statistics, google analytics, helm.
Collaborated on projects involving google analytics, helm, pivot tables, dashboard.

Projects:
- Built pipeline using git, statistics, google analytics
- Developed Data Analyst solution using statistics, google analytics, helm
- Implemented automation using git, statistics

Certifications:
- Certified in Git — 2022
- Statistics Professional Certificate — 2023",21
1122,Jessica Rodriguez,Data Analyst,4,Master,Harvard University,"looker, pivot tables, dashboard, business intelligence, tableau, data visualization, prometheus, excel, mlops, google analytics, statistics, numpy, pandas, python, gcp, tensorflow, sql","Name: Jessica Rodriguez
Experience: 4 years
Education: Master in Computer Science from Harvard University
Skills: looker, pivot tables, dashboard, business intelligence, tableau, data visualization, prometheus, excel, mlops, google analytics, statistics, numpy, pandas, python, gcp, tensorflow, sql

Professional Summary:
Experienced Data Analyst with 4 years of industry experience.
Proficient in looker, pivot tables, dashboard, business intelligence, tableau.
Strong background in Master level education from Harvard University.

Work Experience:
4 years working with looker, pivot tables, dashboard, business intelligence, tableau, data visualization, prometheus, excel.
Developed solutions using looker, pivot tables, dashboard, business intelligence.
Collaborated on projects involving dashboard, business intelligence, tableau, data visualization.

Projects:
- Built pipeline using looker, pivot tables, dashboard
- Developed Data Analyst solution using pivot tables, dashboard, business intelligence
- Implemented automation using looker, pivot tables

Certifications:
- Certified in Looker — 2022
- Pivot Tables Professional Certificate — 2023",17
1123,Emma Smith,Data Analyst,12,Master,University of Cambridge,"kafka, data visualization, pivot tables, business intelligence, r programming, docker, pandas, numpy, grafana, linux, data cleaning, vlookup","Name: Emma Smith
Experience: 12 years
Education: Master in Computer Science from University of Cambridge
Skills: kafka, data visualization, pivot tables, business intelligence, r programming, docker, pandas, numpy, grafana, linux, data cleaning, vlookup

Professional Summary:
Experienced Data Analyst with 12 years of industry experience.
Proficient in kafka, data visualization, pivot tables, business intelligence, r programming.
Strong background in Master level education from University of Cambridge.

Work Experience:
12 years working with kafka, data visualization, pivot tables, business intelligence, r programming, docker, pandas, numpy.
Developed solutions using kafka, data visualization, pivot tables, business intelligence.
Collaborated on projects involving pivot tables, business intelligence, r programming, docker.

Projects:
- Built pipeline using kafka, data visualization, pivot tables
- Developed Data Analyst solution using data visualization, pivot tables, business intelligence
- Implemented automation using kafka, data visualization

Certifications:
- Certified in Kafka — 2022
- Data Visualization Professional Certificate — 2023",12
1124,Matthew Anderson,Data Analyst,5,Bachelor,Georgia Tech,"git, google analytics, statistics, pivot tables, dashboard, tableau, power bi, etl, ci/cd, vlookup, data visualization, reporting, r programming, model monitoring, python, data cleaning, sql, looker, business intelligence, jenkins, pandas, numpy","Name: Matthew Anderson
Experience: 5 years
Education: Bachelor in Computer Science from Georgia Tech
Skills: git, google analytics, statistics, pivot tables, dashboard, tableau, power bi, etl, ci/cd, vlookup, data visualization, reporting, r programming, model monitoring, python, data cleaning, sql, looker, business intelligence, jenkins, pandas, numpy

Professional Summary:
Experienced Data Analyst with 5 years of industry experience.
Proficient in git, google analytics, statistics, pivot tables, dashboard.
Strong background in Bachelor level education from Georgia Tech.

Work Experience:
5 years working with git, google analytics, statistics, pivot tables, dashboard, tableau, power bi, etl.
Developed solutions using git, google analytics, statistics, pivot tables.
Collaborated on projects involving statistics, pivot tables, dashboard, tableau.

Projects:
- Built pipeline using git, google analytics, statistics
- Developed Data Analyst solution using google analytics, statistics, pivot tables
- Implemented automation using git, google analytics

Certifications:
- Certified in Git — 2022
- Google Analytics Professional Certificate — 2023",22
1125,Daniel Miller,Data Analyst,12,Bachelor,Carnegie Mellon University,"pivot tables, git, reporting, dashboard, power bi, data visualization, business intelligence, excel, etl, numpy, pandas, python, tensorflow, ci/cd, data cleaning, vlookup","Name: Daniel Miller
Experience: 12 years
Education: Bachelor in Computer Science from Carnegie Mellon University
Skills: pivot tables, git, reporting, dashboard, power bi, data visualization, business intelligence, excel, etl, numpy, pandas, python, tensorflow, ci/cd, data cleaning, vlookup

Professional Summary:
Experienced Data Analyst with 12 years of industry experience.
Proficient in pivot tables, git, reporting, dashboard, power bi.
Strong background in Bachelor level education from Carnegie Mellon University.

Work Experience:
12 years working with pivot tables, git, reporting, dashboard, power bi, data visualization, business intelligence, excel.
Developed solutions using pivot tables, git, reporting, dashboard.
Collaborated on projects involving reporting, dashboard, power bi, data visualization.

Projects:
- Built pipeline using pivot tables, git, reporting
- Developed Data Analyst solution using git, reporting, dashboard
- Implemented automation using pivot tables, git

Certifications:
- Certified in Pivot Tables — 2022
- Git Professional Certificate — 2023",16
1126,David Kumar,Data Analyst,3,Diploma,University of Toronto,"looker, business intelligence, reporting, prometheus, r programming, excel, google analytics, etl, numpy, statistics, airflow, scikit-learn, monitoring, vlookup","Name: David Kumar
Experience: 3 years
Education: Diploma in Computer Science from University of Toronto
Skills: looker, business intelligence, reporting, prometheus, r programming, excel, google analytics, etl, numpy, statistics, airflow, scikit-learn, monitoring, vlookup

Professional Summary:
Experienced Data Analyst with 3 years of industry experience.
Proficient in looker, business intelligence, reporting, prometheus, r programming.
Strong background in Diploma level education from University of Toronto.

Work Experience:
3 years working with looker, business intelligence, reporting, prometheus, r programming, excel, google analytics, etl.
Developed solutions using looker, business intelligence, reporting, prometheus.
Collaborated on projects involving reporting, prometheus, r programming, excel.

Projects:
- Built pipeline using looker, business intelligence, reporting
- Developed Data Analyst solution using business intelligence, reporting, prometheus
- Implemented automation using looker, business intelligence

Certifications:
- Certified in Looker — 2022
- Business Intelligence Professional Certificate — 2023",14
1127,Emma Smith,Data Analyst,12,Bachelor,University of Sussex,"git, vue.js, statistics, google analytics, pivot tables, dashboard, tableau, power bi, etl, data visualization, reporting, python, data cleaning, machine learning, looker, business intelligence, pandas, numpy, bootstrap","Name: Emma Smith
Experience: 12 years
Education: Bachelor in Computer Science from University of Sussex
Skills: git, vue.js, statistics, google analytics, pivot tables, dashboard, tableau, power bi, etl, data visualization, reporting, python, data cleaning, machine learning, looker, business intelligence, pandas, numpy, bootstrap

Professional Summary:
Experienced Data Analyst with 12 years of industry experience.
Proficient in git, vue.js, statistics, google analytics, pivot tables.
Strong background in Bachelor level education from University of Sussex.

Work Experience:
12 years working with git, vue.js, statistics, google analytics, pivot tables, dashboard, tableau, power bi.
Developed solutions using git, vue.js, statistics, google analytics.
Collaborated on projects involving statistics, google analytics, pivot tables, dashboard.

Projects:
- Built pipeline using git, vue.js, statistics
- Developed Data Analyst solution using vue.js, statistics, google analytics
- Implemented automation using git, vue.js

Certifications:
- Certified in Git — 2022
- Vue.Js Professional Certificate — 2023",19
1128,Emily Zhang,Data Analyst,0,Bachelor,Columbia University,"nlp, git, dashboard, reporting, power bi, r programming, statistics, google analytics, etl, airflow, python, deep learning, model deployment, sql","Name: Emily Zhang
Experience: 0 years
Education: Bachelor in Computer Science from Columbia University
Skills: nlp, git, dashboard, reporting, power bi, r programming, statistics, google analytics, etl, airflow, python, deep learning, model deployment, sql

Professional Summary:
Experienced Data Analyst with 0 years of industry experience.
Proficient in nlp, git, dashboard, reporting, power bi.
Strong background in Bachelor level education from Columbia University.

Work Experience:
0 years working with nlp, git, dashboard, reporting, power bi, r programming, statistics, google analytics.
Developed solutions using nlp, git, dashboard, reporting.
Collaborated on projects involving dashboard, reporting, power bi, r programming.

Projects:
- Built pipeline using nlp, git, dashboard
- Developed Data Analyst solution using git, dashboard, reporting
- Implemented automation using nlp, git

Certifications:
- Certified in Nlp — 2022
- Git Professional Certificate — 2023",14
1129,Jessica Johnson,Data Analyst,6,PhD,University of Sussex,"git, google analytics, statistics, deep learning, security, pivot tables, dashboard, tableau, etl, vlookup, data visualization, reporting, r programming, excel, python, data cleaning, sql, looker, business intelligence, ansible, pandas, numpy","Name: Jessica Johnson
Experience: 6 years
Education: PhD in Computer Science from University of Sussex
Skills: git, google analytics, statistics, deep learning, security, pivot tables, dashboard, tableau, etl, vlookup, data visualization, reporting, r programming, excel, python, data cleaning, sql, looker, business intelligence, ansible, pandas, numpy

Professional Summary:
Experienced Data Analyst with 6 years of industry experience.
Proficient in git, google analytics, statistics, deep learning, security.
Strong background in PhD level education from University of Sussex.

Work Experience:
6 years working with git, google analytics, statistics, deep learning, security, pivot tables, dashboard, tableau.
Developed solutions using git, google analytics, statistics, deep learning.
Collaborated on projects involving statistics, deep learning, security, pivot tables.

Projects:
- Built pipeline using git, google analytics, statistics
- Developed Data Analyst solution using google analytics, statistics, deep learning
- Implemented automation using git, google analytics

Certifications:
- Certified in Git — 2022
- Google Analytics Professional Certificate — 2023",22
1130,Emily Kumar,Data Analyst,5,PhD,Harvard University,"data visualization, git, reporting, pivot tables, power bi, tableau, r programming, business intelligence, statistics, aws, pandas, python, linux, tensorflow, data cleaning, sql, vlookup","Name: Emily Kumar
Experience: 5 years
Education: PhD in Computer Science from Harvard University
Skills: data visualization, git, reporting, pivot tables, power bi, tableau, r programming, business intelligence, statistics, aws, pandas, python, linux, tensorflow, data cleaning, sql, vlookup

Professional Summary:
Experienced Data Analyst with 5 years of industry experience.
Proficient in data visualization, git, reporting, pivot tables, power bi.
Strong background in PhD level education from Harvard University.

Work Experience:
5 years working with data visualization, git, reporting, pivot tables, power bi, tableau, r programming, business intelligence.
Developed solutions using data visualization, git, reporting, pivot tables.
Collaborated on projects involving reporting, pivot tables, power bi, tableau.

Projects:
- Built pipeline using data visualization, git, reporting
- Developed Data Analyst solution using git, reporting, pivot tables
- Implemented automation using data visualization, git

Certifications:
- Certified in Data Visualization — 2022
- Git Professional Certificate — 2023",17
1131,Emma Hassan,Data Analyst,5,Diploma,IIT Delhi,"git, matplotlib, statistics, google analytics, linux, computer vision, pivot tables, dashboard, tableau, power bi, etl, vlookup, data visualization, reporting, r programming, excel, python, data cleaning, sql, looker, business intelligence, ansible, numpy, pandas","Name: Emma Hassan
Experience: 5 years
Education: Diploma in Computer Science from IIT Delhi
Skills: git, matplotlib, statistics, google analytics, linux, computer vision, pivot tables, dashboard, tableau, power bi, etl, vlookup, data visualization, reporting, r programming, excel, python, data cleaning, sql, looker, business intelligence, ansible, numpy, pandas

Professional Summary:
Experienced Data Analyst with 5 years of industry experience.
Proficient in git, matplotlib, statistics, google analytics, linux.
Strong background in Diploma level education from IIT Delhi.

Work Experience:
5 years working with git, matplotlib, statistics, google analytics, linux, computer vision, pivot tables, dashboard.
Developed solutions using git, matplotlib, statistics, google analytics.
Collaborated on projects involving statistics, google analytics, linux, computer vision.

Projects:
- Built pipeline using git, matplotlib, statistics
- Developed Data Analyst solution using matplotlib, statistics, google analytics
- Implemented automation using git, matplotlib

Certifications:
- Certified in Git — 2022
- Matplotlib Professional Certificate — 2023",24
1132,Carlos Haque,Data Analyst,1,Bachelor,IIT Delhi,"data visualization, business intelligence, dashboard, reporting, power bi, git, r programming, excel, google analytics, etl, pandas, seaborn, computer vision, data cleaning, sql, machine learning, vlookup","Name: Carlos Haque
Experience: 1 years
Education: Bachelor in Computer Science from IIT Delhi
Skills: data visualization, business intelligence, dashboard, reporting, power bi, git, r programming, excel, google analytics, etl, pandas, seaborn, computer vision, data cleaning, sql, machine learning, vlookup

Professional Summary:
Experienced Data Analyst with 1 years of industry experience.
Proficient in data visualization, business intelligence, dashboard, reporting, power bi.
Strong background in Bachelor level education from IIT Delhi.

Work Experience:
1 years working with data visualization, business intelligence, dashboard, reporting, power bi, git, r programming, excel.
Developed solutions using data visualization, business intelligence, dashboard, reporting.
Collaborated on projects involving dashboard, reporting, power bi, git.

Projects:
- Built pipeline using data visualization, business intelligence, dashboard
- Developed Data Analyst solution using business intelligence, dashboard, reporting
- Implemented automation using data visualization, business intelligence

Certifications:
- Certified in Data Visualization — 2022
- Business Intelligence Professional Certificate — 2023",17
1133,Amanda Martinez,Data Analyst,12,Diploma,NUS Singapore,"git, google analytics, statistics, pivot tables, dashboard, tableau, power bi, etl, vlookup, data visualization, reporting, r programming, excel, python, data cleaning, sql, javascript, looker, business intelligence, numpy, feature engineering","Name: Amanda Martinez
Experience: 12 years
Education: Diploma in Computer Science from NUS Singapore
Skills: git, google analytics, statistics, pivot tables, dashboard, tableau, power bi, etl, vlookup, data visualization, reporting, r programming, excel, python, data cleaning, sql, javascript, looker, business intelligence, numpy, feature engineering

Professional Summary:
Experienced Data Analyst with 12 years of industry experience.
Proficient in git, google analytics, statistics, pivot tables, dashboard.
Strong background in Diploma level education from NUS Singapore.

Work Experience:
12 years working with git, google analytics, statistics, pivot tables, dashboard, tableau, power bi, etl.
Developed solutions using git, google analytics, statistics, pivot tables.
Collaborated on projects involving statistics, pivot tables, dashboard, tableau.

Projects:
- Built pipeline using git, google analytics, statistics
- Developed Data Analyst solution using google analytics, statistics, pivot tables
- Implemented automation using git, google analytics

Certifications:
- Certified in Git — 2022
- Google Analytics Professional Certificate — 2023",21
1134,Chen Haque,Data Analyst,9,Bachelor,University of Cambridge,"git, google analytics, pivot tables, dashboard, tableau, power bi, etl, typescript, model deployment, vlookup, reporting, r programming, excel, python, data cleaning, sql, javascript, looker, business intelligence, fastapi, pandas, numpy","Name: Chen Haque
Experience: 9 years
Education: Bachelor in Computer Science from University of Cambridge
Skills: git, google analytics, pivot tables, dashboard, tableau, power bi, etl, typescript, model deployment, vlookup, reporting, r programming, excel, python, data cleaning, sql, javascript, looker, business intelligence, fastapi, pandas, numpy

Professional Summary:
Experienced Data Analyst with 9 years of industry experience.
Proficient in git, google analytics, pivot tables, dashboard, tableau.
Strong background in Bachelor level education from University of Cambridge.

Work Experience:
9 years working with git, google analytics, pivot tables, dashboard, tableau, power bi, etl, typescript.
Developed solutions using git, google analytics, pivot tables, dashboard.
Collaborated on projects involving pivot tables, dashboard, tableau, power bi.

Projects:
- Built pipeline using git, google analytics, pivot tables
- Developed Data Analyst solution using google analytics, pivot tables, dashboard
- Implemented automation using git, google analytics

Certifications:
- Certified in Git — 2022
- Google Analytics Professional Certificate — 2023",22
1135,Emma Williams,Data Analyst,7,Diploma,ETH Zurich,"looker, pivot tables, dashboard, business intelligence, git, power bi, data visualization, reporting, excel, tableau, prometheus, etl, pandas, networking, data cleaning, sql, machine learning","Name: Emma Williams
Experience: 7 years
Education: Diploma in Computer Science from ETH Zurich
Skills: looker, pivot tables, dashboard, business intelligence, git, power bi, data visualization, reporting, excel, tableau, prometheus, etl, pandas, networking, data cleaning, sql, machine learning

Professional Summary:
Experienced Data Analyst with 7 years of industry experience.
Proficient in looker, pivot tables, dashboard, business intelligence, git.
Strong background in Diploma level education from ETH Zurich.

Work Experience:
7 years working with looker, pivot tables, dashboard, business intelligence, git, power bi, data visualization, reporting.
Developed solutions using looker, pivot tables, dashboard, business intelligence.
Collaborated on projects involving dashboard, business intelligence, git, power bi.

Projects:
- Built pipeline using looker, pivot tables, dashboard
- Developed Data Analyst solution using pivot tables, dashboard, business intelligence
- Implemented automation using looker, pivot tables

Certifications:
- Certified in Looker — 2022
- Pivot Tables Professional Certificate — 2023",17
1136,Ahmed Jones,Data Analyst,2,Bachelor,ETH Zurich,"git, vue.js, google analytics, statistics, pivot tables, dashboard, tableau, power bi, etl, vlookup, data visualization, reporting, r programming, excel, python, data cleaning, sql, javascript, looker, business intelligence, pandas, numpy","Name: Ahmed Jones
Experience: 2 years
Education: Bachelor in Computer Science from ETH Zurich
Skills: git, vue.js, google analytics, statistics, pivot tables, dashboard, tableau, power bi, etl, vlookup, data visualization, reporting, r programming, excel, python, data cleaning, sql, javascript, looker, business intelligence, pandas, numpy

Professional Summary:
Experienced Data Analyst with 2 years of industry experience.
Proficient in git, vue.js, google analytics, statistics, pivot tables.
Strong background in Bachelor level education from ETH Zurich.

Work Experience:
2 years working with git, vue.js, google analytics, statistics, pivot tables, dashboard, tableau, power bi.
Developed solutions using git, vue.js, google analytics, statistics.
Collaborated on projects involving google analytics, statistics, pivot tables, dashboard.

Projects:
- Built pipeline using git, vue.js, google analytics
- Developed Data Analyst solution using vue.js, google analytics, statistics
- Implemented automation using git, vue.js

Certifications:
- Certified in Git — 2022
- Vue.Js Professional Certificate — 2023",22
1137,John Zhang,Data Analyst,0,PhD,University of Oxford,"looker, data visualization, dashboard, git, pivot tables, business intelligence, tableau, graphql, php, google analytics, pandas, numpy, python, vlookup","Name: John Zhang
Experience: 0 years
Education: PhD in Computer Science from University of Oxford
Skills: looker, data visualization, dashboard, git, pivot tables, business intelligence, tableau, graphql, php, google analytics, pandas, numpy, python, vlookup

Professional Summary:
Experienced Data Analyst with 0 years of industry experience.
Proficient in looker, data visualization, dashboard, git, pivot tables.
Strong background in PhD level education from University of Oxford.

Work Experience:
0 years working with looker, data visualization, dashboard, git, pivot tables, business intelligence, tableau, graphql.
Developed solutions using looker, data visualization, dashboard, git.
Collaborated on projects involving dashboard, git, pivot tables, business intelligence.

Projects:
- Built pipeline using looker, data visualization, dashboard
- Developed Data Analyst solution using data visualization, dashboard, git
- Implemented automation using looker, data visualization

Certifications:
- Certified in Looker — 2022
- Data Visualization Professional Certificate — 2023",14
1138,James Kumar,Data Analyst,0,Diploma,UC Berkeley,"git, statistics, google analytics, computer vision, pivot tables, dashboard, tableau, power bi, mlops, etl, tensorflow, vlookup, data visualization, reporting, r programming, excel, python, sql, looker, kafka, business intelligence, pandas, numpy","Name: James Kumar
Experience: 0 years
Education: Diploma in Computer Science from UC Berkeley
Skills: git, statistics, google analytics, computer vision, pivot tables, dashboard, tableau, power bi, mlops, etl, tensorflow, vlookup, data visualization, reporting, r programming, excel, python, sql, looker, kafka, business intelligence, pandas, numpy

Professional Summary:
Experienced Data Analyst with 0 years of industry experience.
Proficient in git, statistics, google analytics, computer vision, pivot tables.
Strong background in Diploma level education from UC Berkeley.

Work Experience:
0 years working with git, statistics, google analytics, computer vision, pivot tables, dashboard, tableau, power bi.
Developed solutions using git, statistics, google analytics, computer vision.
Collaborated on projects involving google analytics, computer vision, pivot tables, dashboard.

Projects:
- Built pipeline using git, statistics, google analytics
- Developed Data Analyst solution using statistics, google analytics, computer vision
- Implemented automation using git, statistics

Certifications:
- Certified in Git — 2022
- Statistics Professional Certificate — 2023",23
1139,Emma Johnson,Data Analyst,6,Master,University of Oxford,"pivot tables, business intelligence, reporting, tableau, power bi, dashboard, r programming, excel, agile, numpy, pandas, python, model evaluation, restful api, sql, vlookup","Name: Emma Johnson
Experience: 6 years
Education: Master in Computer Science from University of Oxford
Skills: pivot tables, business intelligence, reporting, tableau, power bi, dashboard, r programming, excel, agile, numpy, pandas, python, model evaluation, restful api, sql, vlookup

Professional Summary:
Experienced Data Analyst with 6 years of industry experience.
Proficient in pivot tables, business intelligence, reporting, tableau, power bi.
Strong background in Master level education from University of Oxford.

Work Experience:
6 years working with pivot tables, business intelligence, reporting, tableau, power bi, dashboard, r programming, excel.
Developed solutions using pivot tables, business intelligence, reporting, tableau.
Collaborated on projects involving reporting, tableau, power bi, dashboard.

Projects:
- Built pipeline using pivot tables, business intelligence, reporting
- Developed Data Analyst solution using business intelligence, reporting, tableau
- Implemented automation using pivot tables, business intelligence

Certifications:
- Certified in Pivot Tables — 2022
- Business Intelligence Professional Certificate — 2023",16
1140,Fatima Brown,Data Analyst,8,PhD,Georgia Tech,"data visualization, git, business intelligence, tableau, reporting, power bi, excel, ansible, google analytics, aws, numpy, python, tensorflow, sql, vlookup","Name: Fatima Brown
Experience: 8 years
Education: PhD in Computer Science from Georgia Tech
Skills: data visualization, git, business intelligence, tableau, reporting, power bi, excel, ansible, google analytics, aws, numpy, python, tensorflow, sql, vlookup

Professional Summary:
Experienced Data Analyst with 8 years of industry experience.
Proficient in data visualization, git, business intelligence, tableau, reporting.
Strong background in PhD level education from Georgia Tech.

Work Experience:
8 years working with data visualization, git, business intelligence, tableau, reporting, power bi, excel, ansible.
Developed solutions using data visualization, git, business intelligence, tableau.
Collaborated on projects involving business intelligence, tableau, reporting, power bi.

Projects:
- Built pipeline using data visualization, git, business intelligence
- Developed Data Analyst solution using git, business intelligence, tableau
- Implemented automation using data visualization, git

Certifications:
- Certified in Data Visualization — 2022
- Git Professional Certificate — 2023",15
1141,Priya Hassan,Data Analyst,8,Bachelor,University of Manchester,"html, looker, business intelligence, git, dashboard, tableau, reporting, css, excel, google analytics, numpy, pandas, tensorflow, data cleaning, sql","Name: Priya Hassan
Experience: 8 years
Education: Bachelor in Computer Science from University of Manchester
Skills: html, looker, business intelligence, git, dashboard, tableau, reporting, css, excel, google analytics, numpy, pandas, tensorflow, data cleaning, sql

Professional Summary:
Experienced Data Analyst with 8 years of industry experience.
Proficient in html, looker, business intelligence, git, dashboard.
Strong background in Bachelor level education from University of Manchester.

Work Experience:
8 years working with html, looker, business intelligence, git, dashboard, tableau, reporting, css.
Developed solutions using html, looker, business intelligence, git.
Collaborated on projects involving business intelligence, git, dashboard, tableau.

Projects:
- Built pipeline using html, looker, business intelligence
- Developed Data Analyst solution using looker, business intelligence, git
- Implemented automation using html, looker

Certifications:
- Certified in Html — 2022
- Looker Professional Certificate — 2023",15
1142,Daniel Hassan,Data Analyst,5,Bachelor,Carnegie Mellon University,"git, statistics, google analytics, restful api, security, pivot tables, tableau, etl, vlookup, reporting, r programming, excel, python, data cleaning, sql, looker, business intelligence, docker, numpy, pandas","Name: Daniel Hassan
Experience: 5 years
Education: Bachelor in Computer Science from Carnegie Mellon University
Skills: git, statistics, google analytics, restful api, security, pivot tables, tableau, etl, vlookup, reporting, r programming, excel, python, data cleaning, sql, looker, business intelligence, docker, numpy, pandas

Professional Summary:
Experienced Data Analyst with 5 years of industry experience.
Proficient in git, statistics, google analytics, restful api, security.
Strong background in Bachelor level education from Carnegie Mellon University.

Work Experience:
5 years working with git, statistics, google analytics, restful api, security, pivot tables, tableau, etl.
Developed solutions using git, statistics, google analytics, restful api.
Collaborated on projects involving google analytics, restful api, security, pivot tables.

Projects:
- Built pipeline using git, statistics, google analytics
- Developed Data Analyst solution using statistics, google analytics, restful api
- Implemented automation using git, statistics

Certifications:
- Certified in Git — 2022
- Statistics Professional Certificate — 2023",20
1143,Priya Miller,Data Analyst,2,PhD,University of Cambridge,"html, git, graphql, statistics, google analytics, airflow, pivot tables, tableau, power bi, vlookup, data visualization, reporting, excel, python, feature store, sql, looker, pandas, numpy","Name: Priya Miller
Experience: 2 years
Education: PhD in Computer Science from University of Cambridge
Skills: html, git, graphql, statistics, google analytics, airflow, pivot tables, tableau, power bi, vlookup, data visualization, reporting, excel, python, feature store, sql, looker, pandas, numpy

Professional Summary:
Experienced Data Analyst with 2 years of industry experience.
Proficient in html, git, graphql, statistics, google analytics.
Strong background in PhD level education from University of Cambridge.

Work Experience:
2 years working with html, git, graphql, statistics, google analytics, airflow, pivot tables, tableau.
Developed solutions using html, git, graphql, statistics.
Collaborated on projects involving graphql, statistics, google analytics, airflow.

Projects:
- Built pipeline using html, git, graphql
- Developed Data Analyst solution using git, graphql, statistics
- Implemented automation using html, git

Certifications:
- Certified in Html — 2022
- Git Professional Certificate — 2023",19
1144,Carlos Anderson,Data Analyst,12,Diploma,IIT Delhi,"git, google analytics, statistics, pivot tables, tableau, power bi, jupyter, vlookup, data visualization, reporting, r programming, excel, python, data cleaning, sql, looker, business intelligence, sass, numpy, pandas","Name: Carlos Anderson
Experience: 12 years
Education: Diploma in Computer Science from IIT Delhi
Skills: git, google analytics, statistics, pivot tables, tableau, power bi, jupyter, vlookup, data visualization, reporting, r programming, excel, python, data cleaning, sql, looker, business intelligence, sass, numpy, pandas

Professional Summary:
Experienced Data Analyst with 12 years of industry experience.
Proficient in git, google analytics, statistics, pivot tables, tableau.
Strong background in Diploma level education from IIT Delhi.

Work Experience:
12 years working with git, google analytics, statistics, pivot tables, tableau, power bi, jupyter, vlookup.
Developed solutions using git, google analytics, statistics, pivot tables.
Collaborated on projects involving statistics, pivot tables, tableau, power bi.

Projects:
- Built pipeline using git, google analytics, statistics
- Developed Data Analyst solution using google analytics, statistics, pivot tables
- Implemented automation using git, google analytics

Certifications:
- Certified in Git — 2022
- Google Analytics Professional Certificate — 2023",20
1145,Sarah Davis,Data Analyst,9,Diploma,IIT Delhi,"data visualization, dashboard, reporting, git, redis, r programming, google analytics, etl, pandas, bootstrap, mongodb, ci/cd, data cleaning, sql","Name: Sarah Davis
Experience: 9 years
Education: Diploma in Computer Science from IIT Delhi
Skills: data visualization, dashboard, reporting, git, redis, r programming, google analytics, etl, pandas, bootstrap, mongodb, ci/cd, data cleaning, sql

Professional Summary:
Experienced Data Analyst with 9 years of industry experience.
Proficient in data visualization, dashboard, reporting, git, redis.
Strong background in Diploma level education from IIT Delhi.

Work Experience:
9 years working with data visualization, dashboard, reporting, git, redis, r programming, google analytics, etl.
Developed solutions using data visualization, dashboard, reporting, git.
Collaborated on projects involving reporting, git, redis, r programming.

Projects:
- Built pipeline using data visualization, dashboard, reporting
- Developed Data Analyst solution using dashboard, reporting, git
- Implemented automation using data visualization, dashboard

Certifications:
- Certified in Data Visualization — 2022
- Dashboard Professional Certificate — 2023",14
1146,Jessica Rodriguez,Data Analyst,0,Bachelor,MIT,"html, looker, pivot tables, git, data visualization, tableau, css, r programming, etl, pandas, python, nginx, ci/cd, data cleaning, sql","Name: Jessica Rodriguez
Experience: 0 years
Education: Bachelor in Computer Science from MIT
Skills: html, looker, pivot tables, git, data visualization, tableau, css, r programming, etl, pandas, python, nginx, ci/cd, data cleaning, sql

Professional Summary:
Experienced Data Analyst with 0 years of industry experience.
Proficient in html, looker, pivot tables, git, data visualization.
Strong background in Bachelor level education from MIT.

Work Experience:
0 years working with html, looker, pivot tables, git, data visualization, tableau, css, r programming.
Developed solutions using html, looker, pivot tables, git.
Collaborated on projects involving pivot tables, git, data visualization, tableau.

Projects:
- Built pipeline using html, looker, pivot tables
- Developed Data Analyst solution using looker, pivot tables, git
- Implemented automation using html, looker

Certifications:
- Certified in Html — 2022
- Looker Professional Certificate — 2023",15
1147,David Brown,Data Analyst,8,PhD,Stanford University,"kafka, data visualization, business intelligence, reporting, tableau, dashboard, git, statistics, etl, pandas, google analytics, python, tensorflow, computer vision, data cleaning, vlookup","Name: David Brown
Experience: 8 years
Education: PhD in Computer Science from Stanford University
Skills: kafka, data visualization, business intelligence, reporting, tableau, dashboard, git, statistics, etl, pandas, google analytics, python, tensorflow, computer vision, data cleaning, vlookup

Professional Summary:
Experienced Data Analyst with 8 years of industry experience.
Proficient in kafka, data visualization, business intelligence, reporting, tableau.
Strong background in PhD level education from Stanford University.

Work Experience:
8 years working with kafka, data visualization, business intelligence, reporting, tableau, dashboard, git, statistics.
Developed solutions using kafka, data visualization, business intelligence, reporting.
Collaborated on projects involving business intelligence, reporting, tableau, dashboard.

Projects:
- Built pipeline using kafka, data visualization, business intelligence
- Developed Data Analyst solution using data visualization, business intelligence, reporting
- Implemented automation using kafka, data visualization

Certifications:
- Certified in Kafka — 2022
- Data Visualization Professional Certificate — 2023",16
1148,Amanda Jones,Data Analyst,2,Bachelor,University of Sussex,"git, vue.js, google analytics, statistics, pivot tables, agile, tableau, mlops, etl, tensorflow, vlookup, data visualization, reporting, excel, python, data cleaning, sql, looker, business intelligence, pandas, numpy","Name: Amanda Jones
Experience: 2 years
Education: Bachelor in Computer Science from University of Sussex
Skills: git, vue.js, google analytics, statistics, pivot tables, agile, tableau, mlops, etl, tensorflow, vlookup, data visualization, reporting, excel, python, data cleaning, sql, looker, business intelligence, pandas, numpy

Professional Summary:
Experienced Data Analyst with 2 years of industry experience.
Proficient in git, vue.js, google analytics, statistics, pivot tables.
Strong background in Bachelor level education from University of Sussex.

Work Experience:
2 years working with git, vue.js, google analytics, statistics, pivot tables, agile, tableau, mlops.
Developed solutions using git, vue.js, google analytics, statistics.
Collaborated on projects involving google analytics, statistics, pivot tables, agile.

Projects:
- Built pipeline using git, vue.js, google analytics
- Developed Data Analyst solution using vue.js, google analytics, statistics
- Implemented automation using git, vue.js

Certifications:
- Certified in Git — 2022
- Vue.Js Professional Certificate — 2023",21
1149,James Wilson,Data Analyst,3,Master,University of Sussex,"helm, networking, dashboard, git, tableau, mysql, excel, statistics, google analytics, numpy, pandas, bootstrap, sql","Name: James Wilson
Experience: 3 years
Education: Master in Computer Science from University of Sussex
Skills: helm, networking, dashboard, git, tableau, mysql, excel, statistics, google analytics, numpy, pandas, bootstrap, sql

Professional Summary:
Experienced Data Analyst with 3 years of industry experience.
Proficient in helm, networking, dashboard, git, tableau.
Strong background in Master level education from University of Sussex.

Work Experience:
3 years working with helm, networking, dashboard, git, tableau, mysql, excel, statistics.
Developed solutions using helm, networking, dashboard, git.
Collaborated on projects involving dashboard, git, tableau, mysql.

Projects:
- Built pipeline using helm, networking, dashboard
- Developed Data Analyst solution using networking, dashboard, git
- Implemented automation using helm, networking

Certifications:
- Certified in Helm — 2022
- Networking Professional Certificate — 2023",13
1150,Ahmed Brown,Data Analyst,7,Master,Harvard University,"flask, looker, data visualization, git, reporting, business intelligence, power bi, r programming, excel, statistics, etl, google analytics, docker, python, azure, data cleaning, sql, vlookup","Name: Ahmed Brown
Experience: 7 years
Education: Master in Computer Science from Harvard University
Skills: flask, looker, data visualization, git, reporting, business intelligence, power bi, r programming, excel, statistics, etl, google analytics, docker, python, azure, data cleaning, sql, vlookup

Professional Summary:
Experienced Data Analyst with 7 years of industry experience.
Proficient in flask, looker, data visualization, git, reporting.
Strong background in Master level education from Harvard University.

Work Experience:
7 years working with flask, looker, data visualization, git, reporting, business intelligence, power bi, r programming.
Developed solutions using flask, looker, data visualization, git.
Collaborated on projects involving data visualization, git, reporting, business intelligence.

Projects:
- Built pipeline using flask, looker, data visualization
- Developed Data Analyst solution using looker, data visualization, git
- Implemented automation using flask, looker

Certifications:
- Certified in Flask — 2022
- Looker Professional Certificate — 2023",18
1151,Jessica Haque,Data Analyst,6,Master,MIT,"helm, git, reporting, tableau, power bi, prometheus, r programming, statistics, etl, numpy, computer vision, vlookup","Name: Jessica Haque
Experience: 6 years
Education: Master in Computer Science from MIT
Skills: helm, git, reporting, tableau, power bi, prometheus, r programming, statistics, etl, numpy, computer vision, vlookup

Professional Summary:
Experienced Data Analyst with 6 years of industry experience.
Proficient in helm, git, reporting, tableau, power bi.
Strong background in Master level education from MIT.

Work Experience:
6 years working with helm, git, reporting, tableau, power bi, prometheus, r programming, statistics.
Developed solutions using helm, git, reporting, tableau.
Collaborated on projects involving reporting, tableau, power bi, prometheus.

Projects:
- Built pipeline using helm, git, reporting
- Developed Data Analyst solution using git, reporting, tableau
- Implemented automation using helm, git

Certifications:
- Certified in Helm — 2022
- Git Professional Certificate — 2023",12
1152,David Johnson,Data Analyst,5,Bachelor,NUS Singapore,"looker, data visualization, reporting, tableau, power bi, mysql, r programming, statistics, python, bootstrap, sql","Name: David Johnson
Experience: 5 years
Education: Bachelor in Computer Science from NUS Singapore
Skills: looker, data visualization, reporting, tableau, power bi, mysql, r programming, statistics, python, bootstrap, sql

Professional Summary:
Experienced Data Analyst with 5 years of industry experience.
Proficient in looker, data visualization, reporting, tableau, power bi.
Strong background in Bachelor level education from NUS Singapore.

Work Experience:
5 years working with looker, data visualization, reporting, tableau, power bi, mysql, r programming, statistics.
Developed solutions using looker, data visualization, reporting, tableau.
Collaborated on projects involving reporting, tableau, power bi, mysql.

Projects:
- Built pipeline using looker, data visualization, reporting
- Developed Data Analyst solution using data visualization, reporting, tableau
- Implemented automation using looker, data visualization

Certifications:
- Certified in Looker — 2022
- Data Visualization Professional Certificate — 2023",11
1153,Carlos Wilson,Data Analyst,1,Diploma,Harvard University,"nlp, business intelligence, dashboard, tableau, power bi, r programming, excel, google analytics, etl, pandas, azure, python, nginx, data cleaning, sql, jupyter, vlookup","Name: Carlos Wilson
Experience: 1 years
Education: Diploma in Computer Science from Harvard University
Skills: nlp, business intelligence, dashboard, tableau, power bi, r programming, excel, google analytics, etl, pandas, azure, python, nginx, data cleaning, sql, jupyter, vlookup

Professional Summary:
Experienced Data Analyst with 1 years of industry experience.
Proficient in nlp, business intelligence, dashboard, tableau, power bi.
Strong background in Diploma level education from Harvard University.

Work Experience:
1 years working with nlp, business intelligence, dashboard, tableau, power bi, r programming, excel, google analytics.
Developed solutions using nlp, business intelligence, dashboard, tableau.
Collaborated on projects involving dashboard, tableau, power bi, r programming.

Projects:
- Built pipeline using nlp, business intelligence, dashboard
- Developed Data Analyst solution using business intelligence, dashboard, tableau
- Implemented automation using nlp, business intelligence

Certifications:
- Certified in Nlp — 2022
- Business Intelligence Professional Certificate — 2023",17
1154,Ashley Anderson,Data Analyst,0,Diploma,UC Berkeley,"git, statistics, pivot tables, dashboard, tableau, power bi, etl, mongodb, vlookup, data visualization, reporting, excel, python, sql, machine learning, looker, pandas, numpy, feature engineering, nodejs","Name: Ashley Anderson
Experience: 0 years
Education: Diploma in Computer Science from UC Berkeley
Skills: git, statistics, pivot tables, dashboard, tableau, power bi, etl, mongodb, vlookup, data visualization, reporting, excel, python, sql, machine learning, looker, pandas, numpy, feature engineering, nodejs

Professional Summary:
Experienced Data Analyst with 0 years of industry experience.
Proficient in git, statistics, pivot tables, dashboard, tableau.
Strong background in Diploma level education from UC Berkeley.

Work Experience:
0 years working with git, statistics, pivot tables, dashboard, tableau, power bi, etl, mongodb.
Developed solutions using git, statistics, pivot tables, dashboard.
Collaborated on projects involving pivot tables, dashboard, tableau, power bi.

Projects:
- Built pipeline using git, statistics, pivot tables
- Developed Data Analyst solution using statistics, pivot tables, dashboard
- Implemented automation using git, statistics

Certifications:
- Certified in Git — 2022
- Statistics Professional Certificate — 2023",20
1155,Michael Ali,Data Analyst,3,Master,UC Berkeley,"git, statistics, google analytics, pivot tables, dashboard, tableau, power bi, etl, webpack, tensorflow, vlookup, reporting, r programming, python, data cleaning, sql, looker, business intelligence, sass, numpy, pandas","Name: Michael Ali
Experience: 3 years
Education: Master in Computer Science from UC Berkeley
Skills: git, statistics, google analytics, pivot tables, dashboard, tableau, power bi, etl, webpack, tensorflow, vlookup, reporting, r programming, python, data cleaning, sql, looker, business intelligence, sass, numpy, pandas

Professional Summary:
Experienced Data Analyst with 3 years of industry experience.
Proficient in git, statistics, google analytics, pivot tables, dashboard.
Strong background in Master level education from UC Berkeley.

Work Experience:
3 years working with git, statistics, google analytics, pivot tables, dashboard, tableau, power bi, etl.
Developed solutions using git, statistics, google analytics, pivot tables.
Collaborated on projects involving google analytics, pivot tables, dashboard, tableau.

Projects:
- Built pipeline using git, statistics, google analytics
- Developed Data Analyst solution using statistics, google analytics, pivot tables
- Implemented automation using git, statistics

Certifications:
- Certified in Git — 2022
- Statistics Professional Certificate — 2023",21
1156,Emma Brown,Data Analyst,1,Bachelor,Georgia Tech,"looker, pivot tables, business intelligence, dashboard, reporting, data visualization, git, kubernetes, css, mysql, etl, numpy, pandas, python, feature store, sql","Name: Emma Brown
Experience: 1 years
Education: Bachelor in Computer Science from Georgia Tech
Skills: looker, pivot tables, business intelligence, dashboard, reporting, data visualization, git, kubernetes, css, mysql, etl, numpy, pandas, python, feature store, sql

Professional Summary:
Experienced Data Analyst with 1 years of industry experience.
Proficient in looker, pivot tables, business intelligence, dashboard, reporting.
Strong background in Bachelor level education from Georgia Tech.

Work Experience:
1 years working with looker, pivot tables, business intelligence, dashboard, reporting, data visualization, git, kubernetes.
Developed solutions using looker, pivot tables, business intelligence, dashboard.
Collaborated on projects involving business intelligence, dashboard, reporting, data visualization.

Projects:
- Built pipeline using looker, pivot tables, business intelligence
- Developed Data Analyst solution using pivot tables, business intelligence, dashboard
- Implemented automation using looker, pivot tables

Certifications:
- Certified in Looker — 2022
- Pivot Tables Professional Certificate — 2023",16
1157,Rahul Davis,Data Analyst,0,Diploma,Columbia University,"data visualization, dashboard, reporting, git, power bi, pivot tables, r programming, excel, tableau, agile, etl, pandas, vue.js, azure, sql","Name: Rahul Davis
Experience: 0 years
Education: Diploma in Computer Science from Columbia University
Skills: data visualization, dashboard, reporting, git, power bi, pivot tables, r programming, excel, tableau, agile, etl, pandas, vue.js, azure, sql

Professional Summary:
Experienced Data Analyst with 0 years of industry experience.
Proficient in data visualization, dashboard, reporting, git, power bi.
Strong background in Diploma level education from Columbia University.

Work Experience:
0 years working with data visualization, dashboard, reporting, git, power bi, pivot tables, r programming, excel.
Developed solutions using data visualization, dashboard, reporting, git.
Collaborated on projects involving reporting, git, power bi, pivot tables.

Projects:
- Built pipeline using data visualization, dashboard, reporting
- Developed Data Analyst solution using dashboard, reporting, git
- Implemented automation using data visualization, dashboard

Certifications:
- Certified in Data Visualization — 2022
- Dashboard Professional Certificate — 2023",15
1158,Syed Williams,Data Analyst,3,Diploma,University of Oxford,"looker, pivot tables, dashboard, business intelligence, css, power bi, git, r programming, excel, statistics, google analytics, numpy, python, model evaluation, data cleaning, sql, machine learning, vlookup","Name: Syed Williams
Experience: 3 years
Education: Diploma in Computer Science from University of Oxford
Skills: looker, pivot tables, dashboard, business intelligence, css, power bi, git, r programming, excel, statistics, google analytics, numpy, python, model evaluation, data cleaning, sql, machine learning, vlookup

Professional Summary:
Experienced Data Analyst with 3 years of industry experience.
Proficient in looker, pivot tables, dashboard, business intelligence, css.
Strong background in Diploma level education from University of Oxford.

Work Experience:
3 years working with looker, pivot tables, dashboard, business intelligence, css, power bi, git, r programming.
Developed solutions using looker, pivot tables, dashboard, business intelligence.
Collaborated on projects involving dashboard, business intelligence, css, power bi.

Projects:
- Built pipeline using looker, pivot tables, dashboard
- Developed Data Analyst solution using pivot tables, dashboard, business intelligence
- Implemented automation using looker, pivot tables

Certifications:
- Certified in Looker — 2022
- Pivot Tables Professional Certificate — 2023",18
1159,Sarah Patel,Data Analyst,11,Master,University of Cambridge,"data visualization, business intelligence, pivot tables, tableau, reporting, r programming, mlops, google analytics, etl, pandas, python, model deployment, data cleaning, sql, vlookup","Name: Sarah Patel
Experience: 11 years
Education: Master in Computer Science from University of Cambridge
Skills: data visualization, business intelligence, pivot tables, tableau, reporting, r programming, mlops, google analytics, etl, pandas, python, model deployment, data cleaning, sql, vlookup

Professional Summary:
Experienced Data Analyst with 11 years of industry experience.
Proficient in data visualization, business intelligence, pivot tables, tableau, reporting.
Strong background in Master level education from University of Cambridge.

Work Experience:
11 years working with data visualization, business intelligence, pivot tables, tableau, reporting, r programming, mlops, google analytics.
Developed solutions using data visualization, business intelligence, pivot tables, tableau.
Collaborated on projects involving pivot tables, tableau, reporting, r programming.

Projects:
- Built pipeline using data visualization, business intelligence, pivot tables
- Developed Data Analyst solution using business intelligence, pivot tables, tableau
- Implemented automation using data visualization, business intelligence

Certifications:
- Certified in Data Visualization — 2022
- Business Intelligence Professional Certificate — 2023",15
1160,Ahmed Johnson,Data Analyst,2,Master,UC Berkeley,"html, looker, business intelligence, reporting, git, r programming, statistics, etl, numpy, pandas, google analytics, aws, model deployment, restful api, sql","Name: Ahmed Johnson
Experience: 2 years
Education: Master in Computer Science from UC Berkeley
Skills: html, looker, business intelligence, reporting, git, r programming, statistics, etl, numpy, pandas, google analytics, aws, model deployment, restful api, sql

Professional Summary:
Experienced Data Analyst with 2 years of industry experience.
Proficient in html, looker, business intelligence, reporting, git.
Strong background in Master level education from UC Berkeley.

Work Experience:
2 years working with html, looker, business intelligence, reporting, git, r programming, statistics, etl.
Developed solutions using html, looker, business intelligence, reporting.
Collaborated on projects involving business intelligence, reporting, git, r programming.

Projects:
- Built pipeline using html, looker, business intelligence
- Developed Data Analyst solution using looker, business intelligence, reporting
- Implemented automation using html, looker

Certifications:
- Certified in Html — 2022
- Looker Professional Certificate — 2023",15
1161,Syed Taylor,DevOps Engineer,11,PhD,NUS Singapore,"terraform, helm, networking, git, data visualization, kubernetes, prometheus, tableau, bash, docker, monitoring, grafana, python, gcp, nginx, ci/cd","Name: Syed Taylor
Experience: 11 years
Education: PhD in Computer Science from NUS Singapore
Skills: terraform, helm, networking, git, data visualization, kubernetes, prometheus, tableau, bash, docker, monitoring, grafana, python, gcp, nginx, ci/cd

Professional Summary:
Experienced DevOps Engineer with 11 years of industry experience.
Proficient in terraform, helm, networking, git, data visualization.
Strong background in PhD level education from NUS Singapore.

Work Experience:
11 years working with terraform, helm, networking, git, data visualization, kubernetes, prometheus, tableau.
Developed solutions using terraform, helm, networking, git.
Collaborated on projects involving networking, git, data visualization, kubernetes.

Projects:
- Built pipeline using terraform, helm, networking
- Developed DevOps Engineer solution using helm, networking, git
- Implemented automation using terraform, helm

Certifications:
- Certified in Terraform — 2022
- Helm Professional Certificate — 2023",16
1162,Carlos Williams,DevOps Engineer,5,PhD,University of Manchester,"terraform, security, helm, data visualization, git, jenkins, bash, matplotlib, docker, aws, model monitoring, python, grafana, nginx, linux, model deployment, ci/cd","Name: Carlos Williams
Experience: 5 years
Education: PhD in Computer Science from University of Manchester
Skills: terraform, security, helm, data visualization, git, jenkins, bash, matplotlib, docker, aws, model monitoring, python, grafana, nginx, linux, model deployment, ci/cd

Professional Summary:
Experienced DevOps Engineer with 5 years of industry experience.
Proficient in terraform, security, helm, data visualization, git.
Strong background in PhD level education from University of Manchester.

Work Experience:
5 years working with terraform, security, helm, data visualization, git, jenkins, bash, matplotlib.
Developed solutions using terraform, security, helm, data visualization.
Collaborated on projects involving helm, data visualization, git, jenkins.

Projects:
- Built pipeline using terraform, security, helm
- Developed DevOps Engineer solution using security, helm, data visualization
- Implemented automation using terraform, security

Certifications:
- Certified in Terraform — 2022
- Security Professional Certificate — 2023",17
1163,Ahmed Hassan,DevOps Engineer,11,Bachelor,Carnegie Mellon University,"networking, git, vue.js, aws, airflow, grafana, nginx, linux, terraform, helm, monitoring, azure, gcp, ci/cd, python, javascript, jenkins, prometheus, kubernetes, ansible, bash, docker","Name: Ahmed Hassan
Experience: 11 years
Education: Bachelor in Computer Science from Carnegie Mellon University
Skills: networking, git, vue.js, aws, airflow, grafana, nginx, linux, terraform, helm, monitoring, azure, gcp, ci/cd, python, javascript, jenkins, prometheus, kubernetes, ansible, bash, docker

Professional Summary:
Experienced DevOps Engineer with 11 years of industry experience.
Proficient in networking, git, vue.js, aws, airflow.
Strong background in Bachelor level education from Carnegie Mellon University.

Work Experience:
11 years working with networking, git, vue.js, aws, airflow, grafana, nginx, linux.
Developed solutions using networking, git, vue.js, aws.
Collaborated on projects involving vue.js, aws, airflow, grafana.

Projects:
- Built pipeline using networking, git, vue.js
- Developed DevOps Engineer solution using git, vue.js, aws
- Implemented automation using networking, git

Certifications:
- Certified in Networking — 2022
- Git Professional Certificate — 2023",22
1164,Ashley Taylor,DevOps Engineer,6,PhD,IIT Delhi,"security, networking, kubernetes, prometheus, tableau, r programming, bash, docker, azure, monitoring, python, seaborn, gcp, nginx, linux, computer vision","Name: Ashley Taylor
Experience: 6 years
Education: PhD in Computer Science from IIT Delhi
Skills: security, networking, kubernetes, prometheus, tableau, r programming, bash, docker, azure, monitoring, python, seaborn, gcp, nginx, linux, computer vision

Professional Summary:
Experienced DevOps Engineer with 6 years of industry experience.
Proficient in security, networking, kubernetes, prometheus, tableau.
Strong background in PhD level education from IIT Delhi.

Work Experience:
6 years working with security, networking, kubernetes, prometheus, tableau, r programming, bash, docker.
Developed solutions using security, networking, kubernetes, prometheus.
Collaborated on projects involving kubernetes, prometheus, tableau, r programming.

Projects:
- Built pipeline using security, networking, kubernetes
- Developed DevOps Engineer solution using networking, kubernetes, prometheus
- Implemented automation using security, networking

Certifications:
- Certified in Security — 2022
- Networking Professional Certificate — 2023",16
1165,Amanda Ali,DevOps Engineer,0,Master,Harvard University,"html, networking, css, kubernetes, jenkins, ansible, aws, google analytics, numpy, monitoring, azure, python, gcp, nginx, ci/cd","Name: Amanda Ali
Experience: 0 years
Education: Master in Computer Science from Harvard University
Skills: html, networking, css, kubernetes, jenkins, ansible, aws, google analytics, numpy, monitoring, azure, python, gcp, nginx, ci/cd

Professional Summary:
Experienced DevOps Engineer with 0 years of industry experience.
Proficient in html, networking, css, kubernetes, jenkins.
Strong background in Master level education from Harvard University.

Work Experience:
0 years working with html, networking, css, kubernetes, jenkins, ansible, aws, google analytics.
Developed solutions using html, networking, css, kubernetes.
Collaborated on projects involving css, kubernetes, jenkins, ansible.

Projects:
- Built pipeline using html, networking, css
- Developed DevOps Engineer solution using networking, css, kubernetes
- Implemented automation using html, networking

Certifications:
- Certified in Html — 2022
- Networking Professional Certificate — 2023",15
1166,Daniel Garcia,DevOps Engineer,9,Master,University of Toronto,"networking, git, aws, grafana, linux, nginx, helm, security, terraform, php, azure, monitoring, gcp, ci/cd, python, jenkins, kubernetes, prometheus, ansible, bash, docker, responsive design","Name: Daniel Garcia
Experience: 9 years
Education: Master in Computer Science from University of Toronto
Skills: networking, git, aws, grafana, linux, nginx, helm, security, terraform, php, azure, monitoring, gcp, ci/cd, python, jenkins, kubernetes, prometheus, ansible, bash, docker, responsive design

Professional Summary:
Experienced DevOps Engineer with 9 years of industry experience.
Proficient in networking, git, aws, grafana, linux.
Strong background in Master level education from University of Toronto.

Work Experience:
9 years working with networking, git, aws, grafana, linux, nginx, helm, security.
Developed solutions using networking, git, aws, grafana.
Collaborated on projects involving aws, grafana, linux, nginx.

Projects:
- Built pipeline using networking, git, aws
- Developed DevOps Engineer solution using git, aws, grafana
- Implemented automation using networking, git

Certifications:
- Certified in Networking — 2022
- Git Professional Certificate — 2023",22
1167,Ahmed Martinez,DevOps Engineer,9,PhD,Harvard University,"terraform, html, kubernetes, prometheus, jenkins, mysql, bash, aws, statistics, monitoring, gcp, nginx, data cleaning","Name: Ahmed Martinez
Experience: 9 years
Education: PhD in Computer Science from Harvard University
Skills: terraform, html, kubernetes, prometheus, jenkins, mysql, bash, aws, statistics, monitoring, gcp, nginx, data cleaning

Professional Summary:
Experienced DevOps Engineer with 9 years of industry experience.
Proficient in terraform, html, kubernetes, prometheus, jenkins.
Strong background in PhD level education from Harvard University.

Work Experience:
9 years working with terraform, html, kubernetes, prometheus, jenkins, mysql, bash, aws.
Developed solutions using terraform, html, kubernetes, prometheus.
Collaborated on projects involving kubernetes, prometheus, jenkins, mysql.

Projects:
- Built pipeline using terraform, html, kubernetes
- Developed DevOps Engineer solution using html, kubernetes, prometheus
- Implemented automation using terraform, html

Certifications:
- Certified in Terraform — 2022
- Html Professional Certificate — 2023",13
1168,Ashley Davis,DevOps Engineer,11,Master,University of Oxford,"networking, git, graphql, aws, grafana, linux, nginx, helm, terraform, security, tableau, monitoring, azure, gcp, typescript, ci/cd, python, business intelligence, jenkins, prometheus, bash, ansible, docker","Name: Ashley Davis
Experience: 11 years
Education: Master in Computer Science from University of Oxford
Skills: networking, git, graphql, aws, grafana, linux, nginx, helm, terraform, security, tableau, monitoring, azure, gcp, typescript, ci/cd, python, business intelligence, jenkins, prometheus, bash, ansible, docker

Professional Summary:
Experienced DevOps Engineer with 11 years of industry experience.
Proficient in networking, git, graphql, aws, grafana.
Strong background in Master level education from University of Oxford.

Work Experience:
11 years working with networking, git, graphql, aws, grafana, linux, nginx, helm.
Developed solutions using networking, git, graphql, aws.
Collaborated on projects involving graphql, aws, grafana, linux.

Projects:
- Built pipeline using networking, git, graphql
- Developed DevOps Engineer solution using git, graphql, aws
- Implemented automation using networking, git

Certifications:
- Certified in Networking — 2022
- Git Professional Certificate — 2023",23
1169,Carlos Jones,DevOps Engineer,3,Bachelor,University of Cambridge,"helm, terraform, networking, git, kubernetes, prometheus, r programming, bash, azure, grafana, monitoring, scikit-learn, gcp, linux, nginx, typescript, jquery, ci/cd","Name: Carlos Jones
Experience: 3 years
Education: Bachelor in Computer Science from University of Cambridge
Skills: helm, terraform, networking, git, kubernetes, prometheus, r programming, bash, azure, grafana, monitoring, scikit-learn, gcp, linux, nginx, typescript, jquery, ci/cd

Professional Summary:
Experienced DevOps Engineer with 3 years of industry experience.
Proficient in helm, terraform, networking, git, kubernetes.
Strong background in Bachelor level education from University of Cambridge.

Work Experience:
3 years working with helm, terraform, networking, git, kubernetes, prometheus, r programming, bash.
Developed solutions using helm, terraform, networking, git.
Collaborated on projects involving networking, git, kubernetes, prometheus.

Projects:
- Built pipeline using helm, terraform, networking
- Developed DevOps Engineer solution using terraform, networking, git
- Implemented automation using helm, terraform

Certifications:
- Certified in Helm — 2022
- Terraform Professional Certificate — 2023",18
1170,Daniel Patel,DevOps Engineer,11,Diploma,University of Cambridge,"helm, terraform, security, git, kubernetes, prometheus, jenkins, power bi, matplotlib, docker, monitoring, python, nginx, linux","Name: Daniel Patel
Experience: 11 years
Education: Diploma in Computer Science from University of Cambridge
Skills: helm, terraform, security, git, kubernetes, prometheus, jenkins, power bi, matplotlib, docker, monitoring, python, nginx, linux

Professional Summary:
Experienced DevOps Engineer with 11 years of industry experience.
Proficient in helm, terraform, security, git, kubernetes.
Strong background in Diploma level education from University of Cambridge.

Work Experience:
11 years working with helm, terraform, security, git, kubernetes, prometheus, jenkins, power bi.
Developed solutions using helm, terraform, security, git.
Collaborated on projects involving security, git, kubernetes, prometheus.

Projects:
- Built pipeline using helm, terraform, security
- Developed DevOps Engineer solution using terraform, security, git
- Implemented automation using helm, terraform

Certifications:
- Certified in Helm — 2022
- Terraform Professional Certificate — 2023",14
1171,Maria Williams,DevOps Engineer,11,Bachelor,Columbia University,"helm, git, kubernetes, prometheus, jenkins, tableau, ansible, bash, docker, aws, python, gcp, nginx, ci/cd, machine learning","Name: Maria Williams
Experience: 11 years
Education: Bachelor in Computer Science from Columbia University
Skills: helm, git, kubernetes, prometheus, jenkins, tableau, ansible, bash, docker, aws, python, gcp, nginx, ci/cd, machine learning

Professional Summary:
Experienced DevOps Engineer with 11 years of industry experience.
Proficient in helm, git, kubernetes, prometheus, jenkins.
Strong background in Bachelor level education from Columbia University.

Work Experience:
11 years working with helm, git, kubernetes, prometheus, jenkins, tableau, ansible, bash.
Developed solutions using helm, git, kubernetes, prometheus.
Collaborated on projects involving kubernetes, prometheus, jenkins, tableau.

Projects:
- Built pipeline using helm, git, kubernetes
- Developed DevOps Engineer solution using git, kubernetes, prometheus
- Implemented automation using helm, git

Certifications:
- Certified in Helm — 2022
- Git Professional Certificate — 2023",15
1172,David Garcia,DevOps Engineer,5,PhD,Columbia University,"networking, git, aws, statistics, grafana, nginx, linux, helm, terraform, security, monitoring, ci/cd, css, keras, python, kubernetes, prometheus, ansible, nodejs","Name: David Garcia
Experience: 5 years
Education: PhD in Computer Science from Columbia University
Skills: networking, git, aws, statistics, grafana, nginx, linux, helm, terraform, security, monitoring, ci/cd, css, keras, python, kubernetes, prometheus, ansible, nodejs

Professional Summary:
Experienced DevOps Engineer with 5 years of industry experience.
Proficient in networking, git, aws, statistics, grafana.
Strong background in PhD level education from Columbia University.

Work Experience:
5 years working with networking, git, aws, statistics, grafana, nginx, linux, helm.
Developed solutions using networking, git, aws, statistics.
Collaborated on projects involving aws, statistics, grafana, nginx.

Projects:
- Built pipeline using networking, git, aws
- Developed DevOps Engineer solution using git, aws, statistics
- Implemented automation using networking, git

Certifications:
- Certified in Networking — 2022
- Git Professional Certificate — 2023",19
1173,Fatima Thomas,DevOps Engineer,7,Diploma,Harvard University,"networking, git, aws, grafana, terraform, security, helm, etl, azure, gcp, ci/cd, python, kubernetes, prometheus, jenkins, fastapi, ansible, bash, docker, pandas","Name: Fatima Thomas
Experience: 7 years
Education: Diploma in Computer Science from Harvard University
Skills: networking, git, aws, grafana, terraform, security, helm, etl, azure, gcp, ci/cd, python, kubernetes, prometheus, jenkins, fastapi, ansible, bash, docker, pandas

Professional Summary:
Experienced DevOps Engineer with 7 years of industry experience.
Proficient in networking, git, aws, grafana, terraform.
Strong background in Diploma level education from Harvard University.

Work Experience:
7 years working with networking, git, aws, grafana, terraform, security, helm, etl.
Developed solutions using networking, git, aws, grafana.
Collaborated on projects involving aws, grafana, terraform, security.

Projects:
- Built pipeline using networking, git, aws
- Developed DevOps Engineer solution using git, aws, grafana
- Implemented automation using networking, git

Certifications:
- Certified in Networking — 2022
- Git Professional Certificate — 2023",20
1174,Carlos Patel,DevOps Engineer,10,Diploma,Harvard University,"mysql, aws, grafana, nginx, linux, helm, security, mlops, azure, gcp, ci/cd, python, jenkins, prometheus, kubernetes, ansible, bash, docker, sass","Name: Carlos Patel
Experience: 10 years
Education: Diploma in Computer Science from Harvard University
Skills: mysql, aws, grafana, nginx, linux, helm, security, mlops, azure, gcp, ci/cd, python, jenkins, prometheus, kubernetes, ansible, bash, docker, sass

Professional Summary:
Experienced DevOps Engineer with 10 years of industry experience.
Proficient in mysql, aws, grafana, nginx, linux.
Strong background in Diploma level education from Harvard University.

Work Experience:
10 years working with mysql, aws, grafana, nginx, linux, helm, security, mlops.
Developed solutions using mysql, aws, grafana, nginx.
Collaborated on projects involving grafana, nginx, linux, helm.

Projects:
- Built pipeline using mysql, aws, grafana
- Developed DevOps Engineer solution using aws, grafana, nginx
- Implemented automation using mysql, aws

Certifications:
- Certified in Mysql — 2022
- Aws Professional Certificate — 2023",19
1175,Chen Zhang,DevOps Engineer,12,Diploma,Stanford University,"networking, git, redis, google analytics, grafana, linux, nginx, terraform, security, monitoring, azure, gcp, ci/cd, reporting, python, pytorch, kubernetes, prometheus, docker","Name: Chen Zhang
Experience: 12 years
Education: Diploma in Computer Science from Stanford University
Skills: networking, git, redis, google analytics, grafana, linux, nginx, terraform, security, monitoring, azure, gcp, ci/cd, reporting, python, pytorch, kubernetes, prometheus, docker

Professional Summary:
Experienced DevOps Engineer with 12 years of industry experience.
Proficient in networking, git, redis, google analytics, grafana.
Strong background in Diploma level education from Stanford University.

Work Experience:
12 years working with networking, git, redis, google analytics, grafana, linux, nginx, terraform.
Developed solutions using networking, git, redis, google analytics.
Collaborated on projects involving redis, google analytics, grafana, linux.

Projects:
- Built pipeline using networking, git, redis
- Developed DevOps Engineer solution using git, redis, google analytics
- Implemented automation using networking, git

Certifications:
- Certified in Networking — 2022
- Git Professional Certificate — 2023",19
1176,Priya Johnson,DevOps Engineer,3,Diploma,IIT Delhi,"networking, matplotlib, aws, linux, nginx, terraform, security, power bi, etl, monitoring, gcp, ci/cd, keras, python, kubernetes, prometheus, jenkins, bash, ansible, docker","Name: Priya Johnson
Experience: 3 years
Education: Diploma in Computer Science from IIT Delhi
Skills: networking, matplotlib, aws, linux, nginx, terraform, security, power bi, etl, monitoring, gcp, ci/cd, keras, python, kubernetes, prometheus, jenkins, bash, ansible, docker

Professional Summary:
Experienced DevOps Engineer with 3 years of industry experience.
Proficient in networking, matplotlib, aws, linux, nginx.
Strong background in Diploma level education from IIT Delhi.

Work Experience:
3 years working with networking, matplotlib, aws, linux, nginx, terraform, security, power bi.
Developed solutions using networking, matplotlib, aws, linux.
Collaborated on projects involving aws, linux, nginx, terraform.

Projects:
- Built pipeline using networking, matplotlib, aws
- Developed DevOps Engineer solution using matplotlib, aws, linux
- Implemented automation using networking, matplotlib

Certifications:
- Certified in Networking — 2022
- Matplotlib Professional Certificate — 2023",20
1177,Emily Wilson,DevOps Engineer,9,Master,University of Oxford,"terraform, security, git, kubernetes, docker, monitoring, python, grafana, gcp, nginx, model evaluation, jquery, nodejs","Name: Emily Wilson
Experience: 9 years
Education: Master in Computer Science from University of Oxford
Skills: terraform, security, git, kubernetes, docker, monitoring, python, grafana, gcp, nginx, model evaluation, jquery, nodejs

Professional Summary:
Experienced DevOps Engineer with 9 years of industry experience.
Proficient in terraform, security, git, kubernetes, docker.
Strong background in Master level education from University of Oxford.

Work Experience:
9 years working with terraform, security, git, kubernetes, docker, monitoring, python, grafana.
Developed solutions using terraform, security, git, kubernetes.
Collaborated on projects involving git, kubernetes, docker, monitoring.

Projects:
- Built pipeline using terraform, security, git
- Developed DevOps Engineer solution using security, git, kubernetes
- Implemented automation using terraform, security

Certifications:
- Certified in Terraform — 2022
- Security Professional Certificate — 2023",13
1178,Carlos Smith,DevOps Engineer,8,Bachelor,ETH Zurich,"helm, terraform, networking, data visualization, jenkins, prometheus, kubernetes, mysql, bash, vue.js, aws, google analytics, azure, grafana, python, monitoring, nginx, linux","Name: Carlos Smith
Experience: 8 years
Education: Bachelor in Computer Science from ETH Zurich
Skills: helm, terraform, networking, data visualization, jenkins, prometheus, kubernetes, mysql, bash, vue.js, aws, google analytics, azure, grafana, python, monitoring, nginx, linux

Professional Summary:
Experienced DevOps Engineer with 8 years of industry experience.
Proficient in helm, terraform, networking, data visualization, jenkins.
Strong background in Bachelor level education from ETH Zurich.

Work Experience:
8 years working with helm, terraform, networking, data visualization, jenkins, prometheus, kubernetes, mysql.
Developed solutions using helm, terraform, networking, data visualization.
Collaborated on projects involving networking, data visualization, jenkins, prometheus.

Projects:
- Built pipeline using helm, terraform, networking
- Developed DevOps Engineer solution using terraform, networking, data visualization
- Implemented automation using helm, terraform

Certifications:
- Certified in Helm — 2022
- Terraform Professional Certificate — 2023",18
1179,David Jones,DevOps Engineer,6,PhD,UC Berkeley,"networking, git, aws, grafana, linux, nginx, helm, terraform, security, pivot tables, monitoring, azure, ci/cd, data visualization, model monitoring, python, jenkins, prometheus, kubernetes, bash, ansible, docker","Name: David Jones
Experience: 6 years
Education: PhD in Computer Science from UC Berkeley
Skills: networking, git, aws, grafana, linux, nginx, helm, terraform, security, pivot tables, monitoring, azure, ci/cd, data visualization, model monitoring, python, jenkins, prometheus, kubernetes, bash, ansible, docker

Professional Summary:
Experienced DevOps Engineer with 6 years of industry experience.
Proficient in networking, git, aws, grafana, linux.
Strong background in PhD level education from UC Berkeley.

Work Experience:
6 years working with networking, git, aws, grafana, linux, nginx, helm, terraform.
Developed solutions using networking, git, aws, grafana.
Collaborated on projects involving aws, grafana, linux, nginx.

Projects:
- Built pipeline using networking, git, aws
- Developed DevOps Engineer solution using git, aws, grafana
- Implemented automation using networking, git

Certifications:
- Certified in Networking — 2022
- Git Professional Certificate — 2023",22
1180,Maria Brown,DevOps Engineer,0,Diploma,Harvard University,"terraform, data visualization, git, jenkins, kubernetes, redis, bash, aws, monitoring, scikit-learn, ci/cd, machine learning","Name: Maria Brown
Experience: 0 years
Education: Diploma in Computer Science from Harvard University
Skills: terraform, data visualization, git, jenkins, kubernetes, redis, bash, aws, monitoring, scikit-learn, ci/cd, machine learning

Professional Summary:
Experienced DevOps Engineer with 0 years of industry experience.
Proficient in terraform, data visualization, git, jenkins, kubernetes.
Strong background in Diploma level education from Harvard University.

Work Experience:
0 years working with terraform, data visualization, git, jenkins, kubernetes, redis, bash, aws.
Developed solutions using terraform, data visualization, git, jenkins.
Collaborated on projects involving git, jenkins, kubernetes, redis.

Projects:
- Built pipeline using terraform, data visualization, git
- Developed DevOps Engineer solution using data visualization, git, jenkins
- Implemented automation using terraform, data visualization

Certifications:
- Certified in Terraform — 2022
- Data Visualization Professional Certificate — 2023",12
1181,Priya Zhang,DevOps Engineer,1,Master,University of Sussex,"networking, git, aws, grafana, nginx, helm, security, terraform, dashboard, monitoring, azure, scikit-learn, gcp, ci/cd, jupyter, vlookup, python, jenkins, kubernetes, ansible, bash, docker","Name: Priya Zhang
Experience: 1 years
Education: Master in Computer Science from University of Sussex
Skills: networking, git, aws, grafana, nginx, helm, security, terraform, dashboard, monitoring, azure, scikit-learn, gcp, ci/cd, jupyter, vlookup, python, jenkins, kubernetes, ansible, bash, docker

Professional Summary:
Experienced DevOps Engineer with 1 years of industry experience.
Proficient in networking, git, aws, grafana, nginx.
Strong background in Master level education from University of Sussex.

Work Experience:
1 years working with networking, git, aws, grafana, nginx, helm, security, terraform.
Developed solutions using networking, git, aws, grafana.
Collaborated on projects involving aws, grafana, nginx, helm.

Projects:
- Built pipeline using networking, git, aws
- Developed DevOps Engineer solution using git, aws, grafana
- Implemented automation using networking, git

Certifications:
- Certified in Networking — 2022
- Git Professional Certificate — 2023",22
1182,Daniel Taylor,DevOps Engineer,7,Master,University of Manchester,"terraform, security, kafka, git, jenkins, docker, numpy, python, grafana, linux, tensorflow, ci/cd","Name: Daniel Taylor
Experience: 7 years
Education: Master in Computer Science from University of Manchester
Skills: terraform, security, kafka, git, jenkins, docker, numpy, python, grafana, linux, tensorflow, ci/cd

Professional Summary:
Experienced DevOps Engineer with 7 years of industry experience.
Proficient in terraform, security, kafka, git, jenkins.
Strong background in Master level education from University of Manchester.

Work Experience:
7 years working with terraform, security, kafka, git, jenkins, docker, numpy, python.
Developed solutions using terraform, security, kafka, git.
Collaborated on projects involving kafka, git, jenkins, docker.

Projects:
- Built pipeline using terraform, security, kafka
- Developed DevOps Engineer solution using security, kafka, git
- Implemented automation using terraform, security

Certifications:
- Certified in Terraform — 2022
- Security Professional Certificate — 2023",12
1183,Rahul Zhang,DevOps Engineer,11,Master,MIT,"security, networking, git, kubernetes, prometheus, jenkins, bash, keras, monitoring, grafana, seaborn, nginx, jquery, javascript","Name: Rahul Zhang
Experience: 11 years
Education: Master in Computer Science from MIT
Skills: security, networking, git, kubernetes, prometheus, jenkins, bash, keras, monitoring, grafana, seaborn, nginx, jquery, javascript

Professional Summary:
Experienced DevOps Engineer with 11 years of industry experience.
Proficient in security, networking, git, kubernetes, prometheus.
Strong background in Master level education from MIT.

Work Experience:
11 years working with security, networking, git, kubernetes, prometheus, jenkins, bash, keras.
Developed solutions using security, networking, git, kubernetes.
Collaborated on projects involving git, kubernetes, prometheus, jenkins.

Projects:
- Built pipeline using security, networking, git
- Developed DevOps Engineer solution using networking, git, kubernetes
- Implemented automation using security, networking

Certifications:
- Certified in Security — 2022
- Networking Professional Certificate — 2023",14
1184,Fatima Anderson,DevOps Engineer,8,Diploma,Stanford University,"terraform, helm, security, networking, git, nlp, ansible, bash, docker, aws, monitoring, python, grafana, linux, model evaluation, ci/cd","Name: Fatima Anderson
Experience: 8 years
Education: Diploma in Computer Science from Stanford University
Skills: terraform, helm, security, networking, git, nlp, ansible, bash, docker, aws, monitoring, python, grafana, linux, model evaluation, ci/cd

Professional Summary:
Experienced DevOps Engineer with 8 years of industry experience.
Proficient in terraform, helm, security, networking, git.
Strong background in Diploma level education from Stanford University.

Work Experience:
8 years working with terraform, helm, security, networking, git, nlp, ansible, bash.
Developed solutions using terraform, helm, security, networking.
Collaborated on projects involving security, networking, git, nlp.

Projects:
- Built pipeline using terraform, helm, security
- Developed DevOps Engineer solution using helm, security, networking
- Implemented automation using terraform, helm

Certifications:
- Certified in Terraform — 2022
- Helm Professional Certificate — 2023",16
1185,Sarah Kumar,DevOps Engineer,6,Bachelor,NUS Singapore,"helm, security, networking, git, tableau, prometheus, bash, ansible, docker, grafana, python, gcp, jquery, ci/cd, data cleaning, javascript","Name: Sarah Kumar
Experience: 6 years
Education: Bachelor in Computer Science from NUS Singapore
Skills: helm, security, networking, git, tableau, prometheus, bash, ansible, docker, grafana, python, gcp, jquery, ci/cd, data cleaning, javascript

Professional Summary:
Experienced DevOps Engineer with 6 years of industry experience.
Proficient in helm, security, networking, git, tableau.
Strong background in Bachelor level education from NUS Singapore.

Work Experience:
6 years working with helm, security, networking, git, tableau, prometheus, bash, ansible.
Developed solutions using helm, security, networking, git.
Collaborated on projects involving networking, git, tableau, prometheus.

Projects:
- Built pipeline using helm, security, networking
- Developed DevOps Engineer solution using security, networking, git
- Implemented automation using helm, security

Certifications:
- Certified in Helm — 2022
- Security Professional Certificate — 2023",16
1186,John Anderson,DevOps Engineer,0,Bachelor,University of Oxford,"networking, git, aws, linux, nginx, terraform, helm, azure, monitoring, gcp, ci/cd, jupyter, vlookup, python, kubernetes, prometheus, jenkins, ansible, bash, docker, numpy","Name: John Anderson
Experience: 0 years
Education: Bachelor in Computer Science from University of Oxford
Skills: networking, git, aws, linux, nginx, terraform, helm, azure, monitoring, gcp, ci/cd, jupyter, vlookup, python, kubernetes, prometheus, jenkins, ansible, bash, docker, numpy

Professional Summary:
Experienced DevOps Engineer with 0 years of industry experience.
Proficient in networking, git, aws, linux, nginx.
Strong background in Bachelor level education from University of Oxford.

Work Experience:
0 years working with networking, git, aws, linux, nginx, terraform, helm, azure.
Developed solutions using networking, git, aws, linux.
Collaborated on projects involving aws, linux, nginx, terraform.

Projects:
- Built pipeline using networking, git, aws
- Developed DevOps Engineer solution using git, aws, linux
- Implemented automation using networking, git

Certifications:
- Certified in Networking — 2022
- Git Professional Certificate — 2023",21
1187,Ashley Wilson,DevOps Engineer,6,Diploma,University of Toronto,"networking, git, aws, google analytics, grafana, nginx, helm, security, terraform, mlops, azure, monitoring, gcp, ci/cd, python, business intelligence, kubernetes, jenkins, prometheus, bash, ansible, docker","Name: Ashley Wilson
Experience: 6 years
Education: Diploma in Computer Science from University of Toronto
Skills: networking, git, aws, google analytics, grafana, nginx, helm, security, terraform, mlops, azure, monitoring, gcp, ci/cd, python, business intelligence, kubernetes, jenkins, prometheus, bash, ansible, docker

Professional Summary:
Experienced DevOps Engineer with 6 years of industry experience.
Proficient in networking, git, aws, google analytics, grafana.
Strong background in Diploma level education from University of Toronto.

Work Experience:
6 years working with networking, git, aws, google analytics, grafana, nginx, helm, security.
Developed solutions using networking, git, aws, google analytics.
Collaborated on projects involving aws, google analytics, grafana, nginx.

Projects:
- Built pipeline using networking, git, aws
- Developed DevOps Engineer solution using git, aws, google analytics
- Implemented automation using networking, git

Certifications:
- Certified in Networking — 2022
- Git Professional Certificate — 2023",22
1188,Ahmed Smith,DevOps Engineer,7,Master,ETH Zurich,"helm, security, networking, jenkins, prometheus, bash, docker, monitoring, python, azure, nginx, tensorflow, ci/cd, jupyter, machine learning","Name: Ahmed Smith
Experience: 7 years
Education: Master in Computer Science from ETH Zurich
Skills: helm, security, networking, jenkins, prometheus, bash, docker, monitoring, python, azure, nginx, tensorflow, ci/cd, jupyter, machine learning

Professional Summary:
Experienced DevOps Engineer with 7 years of industry experience.
Proficient in helm, security, networking, jenkins, prometheus.
Strong background in Master level education from ETH Zurich.

Work Experience:
7 years working with helm, security, networking, jenkins, prometheus, bash, docker, monitoring.
Developed solutions using helm, security, networking, jenkins.
Collaborated on projects involving networking, jenkins, prometheus, bash.

Projects:
- Built pipeline using helm, security, networking
- Developed DevOps Engineer solution using security, networking, jenkins
- Implemented automation using helm, security

Certifications:
- Certified in Helm — 2022
- Security Professional Certificate — 2023",15
1189,James Thomas,DevOps Engineer,9,Diploma,ETH Zurich,"networking, git, aws, grafana, linux, terraform, helm, mlops, monitoring, azure, gcp, ci/cd, jupyter, python, kubernetes, prometheus, bash, docker, model evaluation","Name: James Thomas
Experience: 9 years
Education: Diploma in Computer Science from ETH Zurich
Skills: networking, git, aws, grafana, linux, terraform, helm, mlops, monitoring, azure, gcp, ci/cd, jupyter, python, kubernetes, prometheus, bash, docker, model evaluation

Professional Summary:
Experienced DevOps Engineer with 9 years of industry experience.
Proficient in networking, git, aws, grafana, linux.
Strong background in Diploma level education from ETH Zurich.

Work Experience:
9 years working with networking, git, aws, grafana, linux, terraform, helm, mlops.
Developed solutions using networking, git, aws, grafana.
Collaborated on projects involving aws, grafana, linux, terraform.

Projects:
- Built pipeline using networking, git, aws
- Developed DevOps Engineer solution using git, aws, grafana
- Implemented automation using networking, git

Certifications:
- Certified in Networking — 2022
- Git Professional Certificate — 2023",19
1190,Michael Wilson,DevOps Engineer,1,Master,University of Sussex,"html, networking, git, vue.js, aws, grafana, linux, terraform, helm, monitoring, azure, gcp, tensorflow, ci/cd, model monitoring, python, kubernetes, prometheus, jenkins, ansible, bash","Name: Michael Wilson
Experience: 1 years
Education: Master in Computer Science from University of Sussex
Skills: html, networking, git, vue.js, aws, grafana, linux, terraform, helm, monitoring, azure, gcp, tensorflow, ci/cd, model monitoring, python, kubernetes, prometheus, jenkins, ansible, bash

Professional Summary:
Experienced DevOps Engineer with 1 years of industry experience.
Proficient in html, networking, git, vue.js, aws.
Strong background in Master level education from University of Sussex.

Work Experience:
1 years working with html, networking, git, vue.js, aws, grafana, linux, terraform.
Developed solutions using html, networking, git, vue.js.
Collaborated on projects involving git, vue.js, aws, grafana.

Projects:
- Built pipeline using html, networking, git
- Developed DevOps Engineer solution using networking, git, vue.js
- Implemented automation using html, networking

Certifications:
- Certified in Html — 2022
- Networking Professional Certificate — 2023",21
1191,Ashley Davis,DevOps Engineer,11,Diploma,University of Cambridge,"security, pytorch, git, jenkins, prometheus, kubernetes, redis, ansible, bash, aws, deep learning, numpy, monitoring, grafana, python, gcp, ci/cd","Name: Ashley Davis
Experience: 11 years
Education: Diploma in Computer Science from University of Cambridge
Skills: security, pytorch, git, jenkins, prometheus, kubernetes, redis, ansible, bash, aws, deep learning, numpy, monitoring, grafana, python, gcp, ci/cd

Professional Summary:
Experienced DevOps Engineer with 11 years of industry experience.
Proficient in security, pytorch, git, jenkins, prometheus.
Strong background in Diploma level education from University of Cambridge.

Work Experience:
11 years working with security, pytorch, git, jenkins, prometheus, kubernetes, redis, ansible.
Developed solutions using security, pytorch, git, jenkins.
Collaborated on projects involving git, jenkins, prometheus, kubernetes.

Projects:
- Built pipeline using security, pytorch, git
- Developed DevOps Engineer solution using pytorch, git, jenkins
- Implemented automation using security, pytorch

Certifications:
- Certified in Security — 2022
- Pytorch Professional Certificate — 2023",17
1192,Michael Smith,DevOps Engineer,8,Bachelor,UC Berkeley,"networking, git, aws, airflow, grafana, nginx, linux, terraform, security, helm, monitoring, azure, gcp, ci/cd, r programming, python, feature store, kubernetes, prometheus, jenkins, ansible","Name: Michael Smith
Experience: 8 years
Education: Bachelor in Computer Science from UC Berkeley
Skills: networking, git, aws, airflow, grafana, nginx, linux, terraform, security, helm, monitoring, azure, gcp, ci/cd, r programming, python, feature store, kubernetes, prometheus, jenkins, ansible

Professional Summary:
Experienced DevOps Engineer with 8 years of industry experience.
Proficient in networking, git, aws, airflow, grafana.
Strong background in Bachelor level education from UC Berkeley.

Work Experience:
8 years working with networking, git, aws, airflow, grafana, nginx, linux, terraform.
Developed solutions using networking, git, aws, airflow.
Collaborated on projects involving aws, airflow, grafana, nginx.

Projects:
- Built pipeline using networking, git, aws
- Developed DevOps Engineer solution using git, aws, airflow
- Implemented automation using networking, git

Certifications:
- Certified in Networking — 2022
- Git Professional Certificate — 2023",21
1193,Maria Smith,DevOps Engineer,10,Master,UC Berkeley,"networking, git, aws, grafana, nginx, linux, computer vision, terraform, security, helm, monitoring, azure, gcp, jquery, mongodb, ci/cd, nlp, python, jenkins, prometheus, kubernetes, bash, ansible, docker","Name: Maria Smith
Experience: 10 years
Education: Master in Computer Science from UC Berkeley
Skills: networking, git, aws, grafana, nginx, linux, computer vision, terraform, security, helm, monitoring, azure, gcp, jquery, mongodb, ci/cd, nlp, python, jenkins, prometheus, kubernetes, bash, ansible, docker

Professional Summary:
Experienced DevOps Engineer with 10 years of industry experience.
Proficient in networking, git, aws, grafana, nginx.
Strong background in Master level education from UC Berkeley.

Work Experience:
10 years working with networking, git, aws, grafana, nginx, linux, computer vision, terraform.
Developed solutions using networking, git, aws, grafana.
Collaborated on projects involving aws, grafana, nginx, linux.

Projects:
- Built pipeline using networking, git, aws
- Developed DevOps Engineer solution using git, aws, grafana
- Implemented automation using networking, git

Certifications:
- Certified in Networking — 2022
- Git Professional Certificate — 2023",24
1194,Carlos Zhang,DevOps Engineer,0,Bachelor,University of Manchester,"helm, terraform, nlp, git, business intelligence, jenkins, prometheus, kubernetes, r programming, bash, monitoring, grafana, gcp, linux, nginx, ci/cd","Name: Carlos Zhang
Experience: 0 years
Education: Bachelor in Computer Science from University of Manchester
Skills: helm, terraform, nlp, git, business intelligence, jenkins, prometheus, kubernetes, r programming, bash, monitoring, grafana, gcp, linux, nginx, ci/cd

Professional Summary:
Experienced DevOps Engineer with 0 years of industry experience.
Proficient in helm, terraform, nlp, git, business intelligence.
Strong background in Bachelor level education from University of Manchester.

Work Experience:
0 years working with helm, terraform, nlp, git, business intelligence, jenkins, prometheus, kubernetes.
Developed solutions using helm, terraform, nlp, git.
Collaborated on projects involving nlp, git, business intelligence, jenkins.

Projects:
- Built pipeline using helm, terraform, nlp
- Developed DevOps Engineer solution using terraform, nlp, git
- Implemented automation using helm, terraform

Certifications:
- Certified in Helm — 2022
- Terraform Professional Certificate — 2023",16
1195,Carlos Rodriguez,DevOps Engineer,9,Bachelor,ETH Zurich,"security, spark, git, jenkins, ansible, aws, docker, pandas, azure, grafana, feature engineering, gcp, linux, nginx","Name: Carlos Rodriguez
Experience: 9 years
Education: Bachelor in Computer Science from ETH Zurich
Skills: security, spark, git, jenkins, ansible, aws, docker, pandas, azure, grafana, feature engineering, gcp, linux, nginx

Professional Summary:
Experienced DevOps Engineer with 9 years of industry experience.
Proficient in security, spark, git, jenkins, ansible.
Strong background in Bachelor level education from ETH Zurich.

Work Experience:
9 years working with security, spark, git, jenkins, ansible, aws, docker, pandas.
Developed solutions using security, spark, git, jenkins.
Collaborated on projects involving git, jenkins, ansible, aws.

Projects:
- Built pipeline using security, spark, git
- Developed DevOps Engineer solution using spark, git, jenkins
- Implemented automation using security, spark

Certifications:
- Certified in Security — 2022
- Spark Professional Certificate — 2023",14
1196,Carlos Rodriguez,DevOps Engineer,7,Master,Carnegie Mellon University,"security, kubernetes, ansible, bash, docker, aws, azure, monitoring, gcp, model deployment, tensorflow, ci/cd, machine learning","Name: Carlos Rodriguez
Experience: 7 years
Education: Master in Computer Science from Carnegie Mellon University
Skills: security, kubernetes, ansible, bash, docker, aws, azure, monitoring, gcp, model deployment, tensorflow, ci/cd, machine learning

Professional Summary:
Experienced DevOps Engineer with 7 years of industry experience.
Proficient in security, kubernetes, ansible, bash, docker.
Strong background in Master level education from Carnegie Mellon University.

Work Experience:
7 years working with security, kubernetes, ansible, bash, docker, aws, azure, monitoring.
Developed solutions using security, kubernetes, ansible, bash.
Collaborated on projects involving ansible, bash, docker, aws.

Projects:
- Built pipeline using security, kubernetes, ansible
- Developed DevOps Engineer solution using kubernetes, ansible, bash
- Implemented automation using security, kubernetes

Certifications:
- Certified in Security — 2022
- Kubernetes Professional Certificate — 2023",13
1197,Jessica Martinez,DevOps Engineer,6,Bachelor,Columbia University,"git, aws, grafana, nginx, linux, terraform, helm, security, azure, monitoring, gcp, ci/cd, vlookup, python, feature store, jenkins, prometheus, kubernetes, bash, ansible, docker","Name: Jessica Martinez
Experience: 6 years
Education: Bachelor in Computer Science from Columbia University
Skills: git, aws, grafana, nginx, linux, terraform, helm, security, azure, monitoring, gcp, ci/cd, vlookup, python, feature store, jenkins, prometheus, kubernetes, bash, ansible, docker

Professional Summary:
Experienced DevOps Engineer with 6 years of industry experience.
Proficient in git, aws, grafana, nginx, linux.
Strong background in Bachelor level education from Columbia University.

Work Experience:
6 years working with git, aws, grafana, nginx, linux, terraform, helm, security.
Developed solutions using git, aws, grafana, nginx.
Collaborated on projects involving grafana, nginx, linux, terraform.

Projects:
- Built pipeline using git, aws, grafana
- Developed DevOps Engineer solution using aws, grafana, nginx
- Implemented automation using git, aws

Certifications:
- Certified in Git — 2022
- Aws Professional Certificate — 2023",21
1198,Ahmed Jones,DevOps Engineer,1,Bachelor,University of Oxford,"git, airflow, grafana, linux, nginx, security, azure, monitoring, seaborn, gcp, ci/cd, model monitoring, python, jenkins, kubernetes, prometheus, ansible, bash, docker, feature engineering","Name: Ahmed Jones
Experience: 1 years
Education: Bachelor in Computer Science from University of Oxford
Skills: git, airflow, grafana, linux, nginx, security, azure, monitoring, seaborn, gcp, ci/cd, model monitoring, python, jenkins, kubernetes, prometheus, ansible, bash, docker, feature engineering

Professional Summary:
Experienced DevOps Engineer with 1 years of industry experience.
Proficient in git, airflow, grafana, linux, nginx.
Strong background in Bachelor level education from University of Oxford.

Work Experience:
1 years working with git, airflow, grafana, linux, nginx, security, azure, monitoring.
Developed solutions using git, airflow, grafana, linux.
Collaborated on projects involving grafana, linux, nginx, security.

Projects:
- Built pipeline using git, airflow, grafana
- Developed DevOps Engineer solution using airflow, grafana, linux
- Implemented automation using git, airflow

Certifications:
- Certified in Git — 2022
- Airflow Professional Certificate — 2023",20
1199,Sarah Martinez,DevOps Engineer,6,Master,Georgia Tech,"helm, security, terraform, networking, git, kubernetes, prometheus, fastapi, ansible, aws, docker, azure, python, monitoring, gcp, linux, ci/cd","Name: Sarah Martinez
Experience: 6 years
Education: Master in Computer Science from Georgia Tech
Skills: helm, security, terraform, networking, git, kubernetes, prometheus, fastapi, ansible, aws, docker, azure, python, monitoring, gcp, linux, ci/cd

Professional Summary:
Experienced DevOps Engineer with 6 years of industry experience.
Proficient in helm, security, terraform, networking, git.
Strong background in Master level education from Georgia Tech.

Work Experience:
6 years working with helm, security, terraform, networking, git, kubernetes, prometheus, fastapi.
Developed solutions using helm, security, terraform, networking.
Collaborated on projects involving terraform, networking, git, kubernetes.

Projects:
- Built pipeline using helm, security, terraform
- Developed DevOps Engineer solution using security, terraform, networking
- Implemented automation using helm, security

Certifications:
- Certified in Helm — 2022
- Security Professional Certificate — 2023",17
1200,Maria Smith,DevOps Engineer,6,Master,University of Sussex,"networking, git, redis, aws, grafana, linux, nginx, terraform, helm, security, flask, monitoring, azure, gcp, ci/cd, data visualization, python, jenkins, prometheus, kubernetes, bash, ansible, docker, numpy","Name: Maria Smith
Experience: 6 years
Education: Master in Computer Science from University of Sussex
Skills: networking, git, redis, aws, grafana, linux, nginx, terraform, helm, security, flask, monitoring, azure, gcp, ci/cd, data visualization, python, jenkins, prometheus, kubernetes, bash, ansible, docker, numpy

Professional Summary:
Experienced DevOps Engineer with 6 years of industry experience.
Proficient in networking, git, redis, aws, grafana.
Strong background in Master level education from University of Sussex.

Work Experience:
6 years working with networking, git, redis, aws, grafana, linux, nginx, terraform.
Developed solutions using networking, git, redis, aws.
Collaborated on projects involving redis, aws, grafana, linux.

Projects:
- Built pipeline using networking, git, redis
- Developed DevOps Engineer solution using git, redis, aws
- Implemented automation using networking, git

Certifications:
- Certified in Networking — 2022
- Git Professional Certificate — 2023",24
